date,year,month,quarter,department,cost_center,category,actual
2023-01-01,2023,1,Q1,Engineering,CC-1001,Salaries,684932.79
2023-01-01,2023,1,Q1,Engineering,CC-1001,OPEX,94660.87
2023-01-01,2023,1,Q1,Engineering,CC-1001,Capex,113016.0
2023-01-01,2023,1,Q1,Engineering,CC-1001,T&E,9536.07
2023-01-01,2023,1,Q1,Engineering,CC-1001,Marketing Spend,239534.03
2023-01-01,2023,1,Q1,Engineering,CC-1001,Software,79885.87
2023-01-01,2023,1,Q1,Engineering,CC-1001,Utilities,13016.63
2023-01-01,2023,1,Q1,Engineering,CC-1001,Headcount,92.84
2023-01-01,2023,1,Q1,Sales,CC-2001,Salaries,714974.48
2023-01-01,2023,1,Q1,Sales,CC-2001,OPEX,129690.95
2023-01-01,2023,1,Q1,Sales,CC-2001,Capex,58289.7
2023-01-01,2023,1,Q1,Sales,CC-2001,T&E,9299.79
2023-01-01,2023,1,Q1,Sales,CC-2001,Marketing Spend,129748.96
2023-01-01,2023,1,Q1,Sales,CC-2001,Software,30414.87
2023-01-01,2023,1,Q1,Sales,CC-2001,Utilities,17824.27
2023-01-01,2023,1,Q1,Sales,CC-2001,Headcount,86.99
2023-01-01,2023,1,Q1,Marketing,CC-3001,Salaries,654227.64
2023-01-01,2023,1,Q1,Marketing,CC-3001,OPEX,76302.6
2023-01-01,2023,1,Q1,Marketing,CC-3001,Capex,79218.37
2023-01-01,2023,1,Q1,Marketing,CC-3001,T&E,16597.69
2023-01-01,2023,1,Q1,Marketing,CC-3001,Marketing Spend,299883.24
2023-01-01,2023,1,Q1,Marketing,CC-3001,Software,38099.19
2023-01-01,2023,1,Q1,Marketing,CC-3001,Utilities,22747.07
2023-01-01,2023,1,Q1,Marketing,CC-3001,Headcount,78.47
2023-01-01,2023,1,Q1,HR,CC-4001,Salaries,167810.1
2023-01-01,2023,1,Q1,HR,CC-4001,OPEX,161394.25
2023-01-01,2023,1,Q1,HR,CC-4001,Capex,123775.01
2023-01-01,2023,1,Q1,HR,CC-4001,T&E,20523.15
2023-01-01,2023,1,Q1,HR,CC-4001,Marketing Spend,66534.82
2023-01-01,2023,1,Q1,HR,CC-4001,Software,30864.83
2023-01-01,2023,1,Q1,HR,CC-4001,Utilities,21754.16
2023-01-01,2023,1,Q1,HR,CC-4001,Headcount,49.78
2023-01-01,2023,1,Q1,Operations,CC-5001,Salaries,568959.55
2023-01-01,2023,1,Q1,Operations,CC-5001,OPEX,171792.38
2023-01-01,2023,1,Q1,Operations,CC-5001,Capex,132289.81
2023-01-01,2023,1,Q1,Operations,CC-5001,T&E,12060.42
2023-01-01,2023,1,Q1,Operations,CC-5001,Marketing Spend,306388.73
2023-01-01,2023,1,Q1,Operations,CC-5001,Software,41394.75
2023-01-01,2023,1,Q1,Operations,CC-5001,Utilities,12676.9
2023-01-01,2023,1,Q1,Operations,CC-5001,Headcount,76.96
2023-01-01,2023,1,Q1,Finance,CC-6001,Salaries,444899.41
2023-01-01,2023,1,Q1,Finance,CC-6001,OPEX,174234.17
2023-01-01,2023,1,Q1,Finance,CC-6001,Capex,9138.78
2023-01-01,2023,1,Q1,Finance,CC-6001,T&E,27709.16
2023-01-01,2023,1,Q1,Finance,CC-6001,Marketing Spend,512091.05
2023-01-01,2023,1,Q1,Finance,CC-6001,Software,49920.85
2023-01-01,2023,1,Q1,Finance,CC-6001,Utilities,22629.02
2023-01-01,2023,1,Q1,Finance,CC-6001,Headcount,34.56
2023-01-01,2023,1,Q1,IT,CC-7001,Salaries,275203.07
2023-01-01,2023,1,Q1,IT,CC-7001,OPEX,46594.78
2023-01-01,2023,1,Q1,IT,CC-7001,Capex,95682.59
2023-01-01,2023,1,Q1,IT,CC-7001,T&E,28899.17
2023-01-01,2023,1,Q1,IT,CC-7001,Marketing Spend,256881.77
2023-01-01,2023,1,Q1,IT,CC-7001,Software,13785.58
2023-01-01,2023,1,Q1,IT,CC-7001,Utilities,15763.18
2023-01-01,2023,1,Q1,IT,CC-7001,Headcount,109.13
2023-02-01,2023,2,Q1,Engineering,CC-1001,Salaries,785104.22
2023-02-01,2023,2,Q1,Engineering,CC-1001,OPEX,119486.5
2023-02-01,2023,2,Q1,Engineering,CC-1001,Capex,60315.72
2023-02-01,2023,2,Q1,Engineering,CC-1001,T&E,38918.04
2023-02-01,2023,2,Q1,Engineering,CC-1001,Marketing Spend,199869.86
2023-02-01,2023,2,Q1,Engineering,CC-1001,Software,57525.85
2023-02-01,2023,2,Q1,Engineering,CC-1001,Utilities,33825.39
2023-02-01,2023,2,Q1,Engineering,CC-1001,Headcount,34.57
2023-02-01,2023,2,Q1,Sales,CC-2001,Salaries,528032.23
2023-02-01,2023,2,Q1,Sales,CC-2001,OPEX,100507.3
2023-02-01,2023,2,Q1,Sales,CC-2001,Capex,48510.89
2023-02-01,2023,2,Q1,Sales,CC-2001,T&E,17577.66
2023-02-01,2023,2,Q1,Sales,CC-2001,Marketing Spend,124471.3
2023-02-01,2023,2,Q1,Sales,CC-2001,Software,28822.52
2023-02-01,2023,2,Q1,Sales,CC-2001,Utilities,9953.18
2023-02-01,2023,2,Q1,Sales,CC-2001,Headcount,31.28
2023-02-01,2023,2,Q1,Marketing,CC-3001,Salaries,808403.85
2023-02-01,2023,2,Q1,Marketing,CC-3001,OPEX,137210.64
2023-02-01,2023,2,Q1,Marketing,CC-3001,Capex,10825.43
2023-02-01,2023,2,Q1,Marketing,CC-3001,T&E,20075.02
2023-02-01,2023,2,Q1,Marketing,CC-3001,Marketing Spend,212778.92
2023-02-01,2023,2,Q1,Marketing,CC-3001,Software,54772.85
2023-02-01,2023,2,Q1,Marketing,CC-3001,Utilities,21141.37
2023-02-01,2023,2,Q1,Marketing,CC-3001,Headcount,29.32
2023-02-01,2023,2,Q1,HR,CC-4001,Salaries,625652.71
2023-02-01,2023,2,Q1,HR,CC-4001,OPEX,74408.09
2023-02-01,2023,2,Q1,HR,CC-4001,Capex,92965.55
2023-02-01,2023,2,Q1,HR,CC-4001,T&E,21035.57
2023-02-01,2023,2,Q1,HR,CC-4001,Marketing Spend,283865.89
2023-02-01,2023,2,Q1,HR,CC-4001,Software,99247.13
2023-02-01,2023,2,Q1,HR,CC-4001,Utilities,23692.87
2023-02-01,2023,2,Q1,HR,CC-4001,Headcount,15.69
2023-02-01,2023,2,Q1,Operations,CC-5001,Salaries,264668.54
2023-02-01,2023,2,Q1,Operations,CC-5001,OPEX,154685.4
2023-02-01,2023,2,Q1,Operations,CC-5001,Capex,77591.84
2023-02-01,2023,2,Q1,Operations,CC-5001,T&E,18223.83
2023-02-01,2023,2,Q1,Operations,CC-5001,Marketing Spend,215014.83
2023-02-01,2023,2,Q1,Operations,CC-5001,Software,58673.61
2023-02-01,2023,2,Q1,Operations,CC-5001,Utilities,17556.14
2023-02-01,2023,2,Q1,Operations,CC-5001,Headcount,48.95
2023-02-01,2023,2,Q1,Finance,CC-6001,Salaries,1072940.07
2023-02-01,2023,2,Q1,Finance,CC-6001,OPEX,52165.31
2023-02-01,2023,2,Q1,Finance,CC-6001,Capex,151014.41
2023-02-01,2023,2,Q1,Finance,CC-6001,T&E,44785.94
2023-02-01,2023,2,Q1,Finance,CC-6001,Marketing Spend,84775.71
2023-02-01,2023,2,Q1,Finance,CC-6001,Software,35073.11
2023-02-01,2023,2,Q1,Finance,CC-6001,Utilities,24112.94
2023-02-01,2023,2,Q1,Finance,CC-6001,Headcount,121.12
2023-02-01,2023,2,Q1,IT,CC-7001,Salaries,799553.15
2023-02-01,2023,2,Q1,IT,CC-7001,OPEX,181968.26
2023-02-01,2023,2,Q1,IT,CC-7001,Capex,57061.56
2023-02-01,2023,2,Q1,IT,CC-7001,T&E,36316.96
2023-02-01,2023,2,Q1,IT,CC-7001,Marketing Spend,394598.64
2023-02-01,2023,2,Q1,IT,CC-7001,Software,64562.28
2023-02-01,2023,2,Q1,IT,CC-7001,Utilities,28624.43
2023-02-01,2023,2,Q1,IT,CC-7001,Headcount,80.64
2023-03-01,2023,3,Q1,Engineering,CC-1001,Salaries,676322.63
2023-03-01,2023,3,Q1,Engineering,CC-1001,OPEX,174638.5
2023-03-01,2023,3,Q1,Engineering,CC-1001,Capex,104764.67
2023-03-01,2023,3,Q1,Engineering,CC-1001,T&E,11464.81
2023-03-01,2023,3,Q1,Engineering,CC-1001,Marketing Spend,116907.48
2023-03-01,2023,3,Q1,Engineering,CC-1001,Software,85255.75
2023-03-01,2023,3,Q1,Engineering,CC-1001,Utilities,15402.04
2023-03-01,2023,3,Q1,Engineering,CC-1001,Headcount,44.35
2023-03-01,2023,3,Q1,Sales,CC-2001,Salaries,725980.04
2023-03-01,2023,3,Q1,Sales,CC-2001,OPEX,157893.45
2023-03-01,2023,3,Q1,Sales,CC-2001,Capex,97210.16
2023-03-01,2023,3,Q1,Sales,CC-2001,T&E,32882.69
2023-03-01,2023,3,Q1,Sales,CC-2001,Marketing Spend,33895.01
2023-03-01,2023,3,Q1,Sales,CC-2001,Software,60853.86
2023-03-01,2023,3,Q1,Sales,CC-2001,Utilities,16000.04
2023-03-01,2023,3,Q1,Sales,CC-2001,Headcount,91.76
2023-03-01,2023,3,Q1,Marketing,CC-3001,Salaries,679641.43
2023-03-01,2023,3,Q1,Marketing,CC-3001,OPEX,46435.8
2023-03-01,2023,3,Q1,Marketing,CC-3001,Capex,29723.17
2023-03-01,2023,3,Q1,Marketing,CC-3001,T&E,18245.73
2023-03-01,2023,3,Q1,Marketing,CC-3001,Marketing Spend,279674.81
2023-03-01,2023,3,Q1,Marketing,CC-3001,Software,27560.58
2023-03-01,2023,3,Q1,Marketing,CC-3001,Utilities,24735.92
2023-03-01,2023,3,Q1,Marketing,CC-3001,Headcount,100.24
2023-03-01,2023,3,Q1,HR,CC-4001,Salaries,374615.82
2023-03-01,2023,3,Q1,HR,CC-4001,OPEX,92402.27
2023-03-01,2023,3,Q1,HR,CC-4001,Capex,168217.43
2023-03-01,2023,3,Q1,HR,CC-4001,T&E,21910.93
2023-03-01,2023,3,Q1,HR,CC-4001,Marketing Spend,59766.76
2023-03-01,2023,3,Q1,HR,CC-4001,Software,11515.66
2023-03-01,2023,3,Q1,HR,CC-4001,Utilities,15554.79
2023-03-01,2023,3,Q1,HR,CC-4001,Headcount,10.61
2023-03-01,2023,3,Q1,Operations,CC-5001,Salaries,967875.43
2023-03-01,2023,3,Q1,Operations,CC-5001,OPEX,65559.74
2023-03-01,2023,3,Q1,Operations,CC-5001,Capex,29086.68
2023-03-01,2023,3,Q1,Operations,CC-5001,T&E,23191.8
2023-03-01,2023,3,Q1,Operations,CC-5001,Marketing Spend,85686.61
2023-03-01,2023,3,Q1,Operations,CC-5001,Software,40254.7
2023-03-01,2023,3,Q1,Operations,CC-5001,Utilities,19795.0
2023-03-01,2023,3,Q1,Operations,CC-5001,Headcount,53.36
2023-03-01,2023,3,Q1,Finance,CC-6001,Salaries,548781.59
2023-03-01,2023,3,Q1,Finance,CC-6001,OPEX,68467.52
2023-03-01,2023,3,Q1,Finance,CC-6001,Capex,77378.02
2023-03-01,2023,3,Q1,Finance,CC-6001,T&E,9432.13
2023-03-01,2023,3,Q1,Finance,CC-6001,Marketing Spend,342982.53
2023-03-01,2023,3,Q1,Finance,CC-6001,Software,60000.89
2023-03-01,2023,3,Q1,Finance,CC-6001,Utilities,11888.72
2023-03-01,2023,3,Q1,Finance,CC-6001,Headcount,26.91
2023-03-01,2023,3,Q1,IT,CC-7001,Salaries,687879.74
2023-03-01,2023,3,Q1,IT,CC-7001,OPEX,331774.1
2023-03-01,2023,3,Q1,IT,CC-7001,Capex,114884.6
2023-03-01,2023,3,Q1,IT,CC-7001,T&E,36570.09
2023-03-01,2023,3,Q1,IT,CC-7001,Marketing Spend,161174.39
2023-03-01,2023,3,Q1,IT,CC-7001,Software,60233.36
2023-03-01,2023,3,Q1,IT,CC-7001,Utilities,13407.41
2023-03-01,2023,3,Q1,IT,CC-7001,Headcount,65.46
2023-04-01,2023,4,Q2,Engineering,CC-1001,Salaries,1025826.77
2023-04-01,2023,4,Q2,Engineering,CC-1001,OPEX,202811.16
2023-04-01,2023,4,Q2,Engineering,CC-1001,Capex,61070.3
2023-04-01,2023,4,Q2,Engineering,CC-1001,T&E,33771.98
2023-04-01,2023,4,Q2,Engineering,CC-1001,Marketing Spend,94885.51
2023-04-01,2023,4,Q2,Engineering,CC-1001,Software,34247.53
2023-04-01,2023,4,Q2,Engineering,CC-1001,Utilities,30241.24
2023-04-01,2023,4,Q2,Engineering,CC-1001,Headcount,42.43
2023-04-01,2023,4,Q2,Sales,CC-2001,Salaries,838575.62
2023-04-01,2023,4,Q2,Sales,CC-2001,OPEX,91795.81
2023-04-01,2023,4,Q2,Sales,CC-2001,Capex,40904.68
2023-04-01,2023,4,Q2,Sales,CC-2001,T&E,36732.26
2023-04-01,2023,4,Q2,Sales,CC-2001,Marketing Spend,416271.54
2023-04-01,2023,4,Q2,Sales,CC-2001,Software,81839.3
2023-04-01,2023,4,Q2,Sales,CC-2001,Utilities,18161.16
2023-04-01,2023,4,Q2,Sales,CC-2001,Headcount,16.56
2023-04-01,2023,4,Q2,Marketing,CC-3001,Salaries,688180.7
2023-04-01,2023,4,Q2,Marketing,CC-3001,OPEX,228913.41
2023-04-01,2023,4,Q2,Marketing,CC-3001,Capex,50072.18
2023-04-01,2023,4,Q2,Marketing,CC-3001,T&E,45823.63
2023-04-01,2023,4,Q2,Marketing,CC-3001,Marketing Spend,169502.72
2023-04-01,2023,4,Q2,Marketing,CC-3001,Software,54881.97
2023-04-01,2023,4,Q2,Marketing,CC-3001,Utilities,5192.59
2023-04-01,2023,4,Q2,Marketing,CC-3001,Headcount,122.34
2023-04-01,2023,4,Q2,HR,CC-4001,Salaries,768497.77
2023-04-01,2023,4,Q2,HR,CC-4001,OPEX,131739.21
2023-04-01,2023,4,Q2,HR,CC-4001,Capex,146099.33
2023-04-01,2023,4,Q2,HR,CC-4001,T&E,43429.95
2023-04-01,2023,4,Q2,HR,CC-4001,Marketing Spend,35439.76
2023-04-01,2023,4,Q2,HR,CC-4001,Software,86244.81
2023-04-01,2023,4,Q2,HR,CC-4001,Utilities,44573.67
2023-04-01,2023,4,Q2,HR,CC-4001,Headcount,100.5
2023-04-01,2023,4,Q2,Operations,CC-5001,Salaries,748111.07
2023-04-01,2023,4,Q2,Operations,CC-5001,OPEX,146666.09
2023-04-01,2023,4,Q2,Operations,CC-5001,Capex,37771.58
2023-04-01,2023,4,Q2,Operations,CC-5001,T&E,17101.26
2023-04-01,2023,4,Q2,Operations,CC-5001,Marketing Spend,206860.0
2023-04-01,2023,4,Q2,Operations,CC-5001,Software,49750.03
2023-04-01,2023,4,Q2,Operations,CC-5001,Utilities,11717.35
2023-04-01,2023,4,Q2,Operations,CC-5001,Headcount,13.94
2023-04-01,2023,4,Q2,Finance,CC-6001,Salaries,774717.66
2023-04-01,2023,4,Q2,Finance,CC-6001,OPEX,204743.98
2023-04-01,2023,4,Q2,Finance,CC-6001,Capex,91736.47
2023-04-01,2023,4,Q2,Finance,CC-6001,T&E,10315.29
2023-04-01,2023,4,Q2,Finance,CC-6001,Marketing Spend,306970.38
2023-04-01,2023,4,Q2,Finance,CC-6001,Software,113908.55
2023-04-01,2023,4,Q2,Finance,CC-6001,Utilities,11060.6
2023-04-01,2023,4,Q2,Finance,CC-6001,Headcount,67.21
2023-04-01,2023,4,Q2,IT,CC-7001,Salaries,782663.48
2023-04-01,2023,4,Q2,IT,CC-7001,OPEX,94822.64
2023-04-01,2023,4,Q2,IT,CC-7001,Capex,115451.02
2023-04-01,2023,4,Q2,IT,CC-7001,T&E,9254.93
2023-04-01,2023,4,Q2,IT,CC-7001,Marketing Spend,214765.97
2023-04-01,2023,4,Q2,IT,CC-7001,Software,60279.26
2023-04-01,2023,4,Q2,IT,CC-7001,Utilities,15862.73
2023-04-01,2023,4,Q2,IT,CC-7001,Headcount,52.8
2023-05-01,2023,5,Q2,Engineering,CC-1001,Salaries,594169.78
2023-05-01,2023,5,Q2,Engineering,CC-1001,OPEX,84130.21
2023-05-01,2023,5,Q2,Engineering,CC-1001,Capex,64564.63
2023-05-01,2023,5,Q2,Engineering,CC-1001,T&E,58943.79
2023-05-01,2023,5,Q2,Engineering,CC-1001,Marketing Spend,67686.04
2023-05-01,2023,5,Q2,Engineering,CC-1001,Software,45107.55
2023-05-01,2023,5,Q2,Engineering,CC-1001,Utilities,9886.53
2023-05-01,2023,5,Q2,Engineering,CC-1001,Headcount,99.26
2023-05-01,2023,5,Q2,Sales,CC-2001,Salaries,860720.34
2023-05-01,2023,5,Q2,Sales,CC-2001,OPEX,209607.22
2023-05-01,2023,5,Q2,Sales,CC-2001,Capex,21756.07
2023-05-01,2023,5,Q2,Sales,CC-2001,T&E,23257.92
2023-05-01,2023,5,Q2,Sales,CC-2001,Marketing Spend,208979.44
2023-05-01,2023,5,Q2,Sales,CC-2001,Software,52775.32
2023-05-01,2023,5,Q2,Sales,CC-2001,Utilities,28522.11
2023-05-01,2023,5,Q2,Sales,CC-2001,Headcount,19.39
2023-05-01,2023,5,Q2,Marketing,CC-3001,Salaries,464180.58
2023-05-01,2023,5,Q2,Marketing,CC-3001,OPEX,124010.15
2023-05-01,2023,5,Q2,Marketing,CC-3001,Capex,75470.8
2023-05-01,2023,5,Q2,Marketing,CC-3001,T&E,13640.37
2023-05-01,2023,5,Q2,Marketing,CC-3001,Marketing Spend,238719.34
2023-05-01,2023,5,Q2,Marketing,CC-3001,Software,34290.36
2023-05-01,2023,5,Q2,Marketing,CC-3001,Utilities,18633.06
2023-05-01,2023,5,Q2,Marketing,CC-3001,Headcount,92.31
2023-05-01,2023,5,Q2,HR,CC-4001,Salaries,468010.72
2023-05-01,2023,5,Q2,HR,CC-4001,OPEX,106431.5
2023-05-01,2023,5,Q2,HR,CC-4001,Capex,108882.97
2023-05-01,2023,5,Q2,HR,CC-4001,T&E,35857.39
2023-05-01,2023,5,Q2,HR,CC-4001,Marketing Spend,174716.42
2023-05-01,2023,5,Q2,HR,CC-4001,Software,87229.27
2023-05-01,2023,5,Q2,HR,CC-4001,Utilities,9444.09
2023-05-01,2023,5,Q2,HR,CC-4001,Headcount,89.92
2023-05-01,2023,5,Q2,Operations,CC-5001,Salaries,716212.22
2023-05-01,2023,5,Q2,Operations,CC-5001,OPEX,216799.56
2023-05-01,2023,5,Q2,Operations,CC-5001,Capex,24547.78
2023-05-01,2023,5,Q2,Operations,CC-5001,T&E,9593.7
2023-05-01,2023,5,Q2,Operations,CC-5001,Marketing Spend,106326.34
2023-05-01,2023,5,Q2,Operations,CC-5001,Software,64017.87
2023-05-01,2023,5,Q2,Operations,CC-5001,Utilities,13476.54
2023-05-01,2023,5,Q2,Operations,CC-5001,Headcount,99.18
2023-05-01,2023,5,Q2,Finance,CC-6001,Salaries,619350.19
2023-05-01,2023,5,Q2,Finance,CC-6001,OPEX,86190.88
2023-05-01,2023,5,Q2,Finance,CC-6001,Capex,74467.8
2023-05-01,2023,5,Q2,Finance,CC-6001,T&E,41902.86
2023-05-01,2023,5,Q2,Finance,CC-6001,Marketing Spend,198279.35
2023-05-01,2023,5,Q2,Finance,CC-6001,Software,45732.99
2023-05-01,2023,5,Q2,Finance,CC-6001,Utilities,23194.71
2023-05-01,2023,5,Q2,Finance,CC-6001,Headcount,42.7
2023-05-01,2023,5,Q2,IT,CC-7001,Salaries,831194.8
2023-05-01,2023,5,Q2,IT,CC-7001,OPEX,68888.36
2023-05-01,2023,5,Q2,IT,CC-7001,Capex,27015.68
2023-05-01,2023,5,Q2,IT,CC-7001,T&E,14387.8
2023-05-01,2023,5,Q2,IT,CC-7001,Marketing Spend,138128.17
2023-05-01,2023,5,Q2,IT,CC-7001,Software,38587.49
2023-05-01,2023,5,Q2,IT,CC-7001,Utilities,19163.17
2023-05-01,2023,5,Q2,IT,CC-7001,Headcount,79.64
2023-06-01,2023,6,Q2,Engineering,CC-1001,Salaries,438604.85
2023-06-01,2023,6,Q2,Engineering,CC-1001,OPEX,93459.55
2023-06-01,2023,6,Q2,Engineering,CC-1001,Capex,77338.1
2023-06-01,2023,6,Q2,Engineering,CC-1001,T&E,19409.83
2023-06-01,2023,6,Q2,Engineering,CC-1001,Marketing Spend,266658.81
2023-06-01,2023,6,Q2,Engineering,CC-1001,Software,68508.38
2023-06-01,2023,6,Q2,Engineering,CC-1001,Utilities,18755.38
2023-06-01,2023,6,Q2,Engineering,CC-1001,Headcount,51.79
2023-06-01,2023,6,Q2,Sales,CC-2001,Salaries,489442.78
2023-06-01,2023,6,Q2,Sales,CC-2001,OPEX,54309.43
2023-06-01,2023,6,Q2,Sales,CC-2001,Capex,214847.33
2023-06-01,2023,6,Q2,Sales,CC-2001,T&E,30183.86
2023-06-01,2023,6,Q2,Sales,CC-2001,Marketing Spend,281791.83
2023-06-01,2023,6,Q2,Sales,CC-2001,Software,32219.62
2023-06-01,2023,6,Q2,Sales,CC-2001,Utilities,10180.81
2023-06-01,2023,6,Q2,Sales,CC-2001,Headcount,14.28
2023-06-01,2023,6,Q2,Marketing,CC-3001,Salaries,621282.02
2023-06-01,2023,6,Q2,Marketing,CC-3001,OPEX,48321.44
2023-06-01,2023,6,Q2,Marketing,CC-3001,Capex,39075.71
2023-06-01,2023,6,Q2,Marketing,CC-3001,T&E,50909.06
2023-06-01,2023,6,Q2,Marketing,CC-3001,Marketing Spend,84287.24
2023-06-01,2023,6,Q2,Marketing,CC-3001,Software,53624.2
2023-06-01,2023,6,Q2,Marketing,CC-3001,Utilities,20681.53
2023-06-01,2023,6,Q2,Marketing,CC-3001,Headcount,97.55
2023-06-01,2023,6,Q2,HR,CC-4001,Salaries,640242.06
2023-06-01,2023,6,Q2,HR,CC-4001,OPEX,55529.54
2023-06-01,2023,6,Q2,HR,CC-4001,Capex,90556.42
2023-06-01,2023,6,Q2,HR,CC-4001,T&E,27025.72
2023-06-01,2023,6,Q2,HR,CC-4001,Marketing Spend,29166.37
2023-06-01,2023,6,Q2,HR,CC-4001,Software,29001.97
2023-06-01,2023,6,Q2,HR,CC-4001,Utilities,16840.09
2023-06-01,2023,6,Q2,HR,CC-4001,Headcount,37.41
2023-06-01,2023,6,Q2,Operations,CC-5001,Salaries,809542.71
2023-06-01,2023,6,Q2,Operations,CC-5001,OPEX,180559.38
2023-06-01,2023,6,Q2,Operations,CC-5001,Capex,136213.06
2023-06-01,2023,6,Q2,Operations,CC-5001,T&E,21392.02
2023-06-01,2023,6,Q2,Operations,CC-5001,Marketing Spend,98228.5
2023-06-01,2023,6,Q2,Operations,CC-5001,Software,20019.64
2023-06-01,2023,6,Q2,Operations,CC-5001,Utilities,5297.65
2023-06-01,2023,6,Q2,Operations,CC-5001,Headcount,90.76
2023-06-01,2023,6,Q2,Finance,CC-6001,Salaries,610244.34
2023-06-01,2023,6,Q2,Finance,CC-6001,OPEX,103183.47
2023-06-01,2023,6,Q2,Finance,CC-6001,Capex,144393.15
2023-06-01,2023,6,Q2,Finance,CC-6001,T&E,40541.1
2023-06-01,2023,6,Q2,Finance,CC-6001,Marketing Spend,175988.41
2023-06-01,2023,6,Q2,Finance,CC-6001,Software,69728.59
2023-06-01,2023,6,Q2,Finance,CC-6001,Utilities,26114.55
2023-06-01,2023,6,Q2,Finance,CC-6001,Headcount,20.91
2023-06-01,2023,6,Q2,IT,CC-7001,Salaries,515005.07
2023-06-01,2023,6,Q2,IT,CC-7001,OPEX,88719.61
2023-06-01,2023,6,Q2,IT,CC-7001,Capex,77186.46
2023-06-01,2023,6,Q2,IT,CC-7001,T&E,16135.2
2023-06-01,2023,6,Q2,IT,CC-7001,Marketing Spend,75033.33
2023-06-01,2023,6,Q2,IT,CC-7001,Software,17258.13
2023-06-01,2023,6,Q2,IT,CC-7001,Utilities,14216.01
2023-06-01,2023,6,Q2,IT,CC-7001,Headcount,92.48
2023-07-01,2023,7,Q3,Engineering,CC-1001,Salaries,785752.94
2023-07-01,2023,7,Q3,Engineering,CC-1001,OPEX,114274.29
2023-07-01,2023,7,Q3,Engineering,CC-1001,Capex,31768.44
2023-07-01,2023,7,Q3,Engineering,CC-1001,T&E,13966.46
2023-07-01,2023,7,Q3,Engineering,CC-1001,Marketing Spend,248769.39
2023-07-01,2023,7,Q3,Engineering,CC-1001,Software,12536.01
2023-07-01,2023,7,Q3,Engineering,CC-1001,Utilities,14337.42
2023-07-01,2023,7,Q3,Engineering,CC-1001,Headcount,88.2
2023-07-01,2023,7,Q3,Sales,CC-2001,Salaries,752811.0
2023-07-01,2023,7,Q3,Sales,CC-2001,OPEX,109525.12
2023-07-01,2023,7,Q3,Sales,CC-2001,Capex,104557.83
2023-07-01,2023,7,Q3,Sales,CC-2001,T&E,6320.22
2023-07-01,2023,7,Q3,Sales,CC-2001,Marketing Spend,24413.05
2023-07-01,2023,7,Q3,Sales,CC-2001,Software,42250.61
2023-07-01,2023,7,Q3,Sales,CC-2001,Utilities,3402.43
2023-07-01,2023,7,Q3,Sales,CC-2001,Headcount,85.21
2023-07-01,2023,7,Q3,Marketing,CC-3001,Salaries,255696.74
2023-07-01,2023,7,Q3,Marketing,CC-3001,OPEX,178028.96
2023-07-01,2023,7,Q3,Marketing,CC-3001,Capex,131249.91
2023-07-01,2023,7,Q3,Marketing,CC-3001,T&E,13568.88
2023-07-01,2023,7,Q3,Marketing,CC-3001,Marketing Spend,143928.34
2023-07-01,2023,7,Q3,Marketing,CC-3001,Software,52234.51
2023-07-01,2023,7,Q3,Marketing,CC-3001,Utilities,23968.31
2023-07-01,2023,7,Q3,Marketing,CC-3001,Headcount,58.23
2023-07-01,2023,7,Q3,HR,CC-4001,Salaries,431923.29
2023-07-01,2023,7,Q3,HR,CC-4001,OPEX,74021.21
2023-07-01,2023,7,Q3,HR,CC-4001,Capex,233273.5
2023-07-01,2023,7,Q3,HR,CC-4001,T&E,31338.65
2023-07-01,2023,7,Q3,HR,CC-4001,Marketing Spend,48440.54
2023-07-01,2023,7,Q3,HR,CC-4001,Software,29914.53
2023-07-01,2023,7,Q3,HR,CC-4001,Utilities,18553.88
2023-07-01,2023,7,Q3,HR,CC-4001,Headcount,107.44
2023-07-01,2023,7,Q3,Operations,CC-5001,Salaries,583867.17
2023-07-01,2023,7,Q3,Operations,CC-5001,OPEX,273428.25
2023-07-01,2023,7,Q3,Operations,CC-5001,Capex,47536.35
2023-07-01,2023,7,Q3,Operations,CC-5001,T&E,6970.47
2023-07-01,2023,7,Q3,Operations,CC-5001,Marketing Spend,166979.73
2023-07-01,2023,7,Q3,Operations,CC-5001,Software,12407.14
2023-07-01,2023,7,Q3,Operations,CC-5001,Utilities,2546.68
2023-07-01,2023,7,Q3,Operations,CC-5001,Headcount,95.28
2023-07-01,2023,7,Q3,Finance,CC-6001,Salaries,256741.8
2023-07-01,2023,7,Q3,Finance,CC-6001,OPEX,62571.31
2023-07-01,2023,7,Q3,Finance,CC-6001,Capex,112572.43
2023-07-01,2023,7,Q3,Finance,CC-6001,T&E,6793.65
2023-07-01,2023,7,Q3,Finance,CC-6001,Marketing Spend,191404.9
2023-07-01,2023,7,Q3,Finance,CC-6001,Software,53699.75
2023-07-01,2023,7,Q3,Finance,CC-6001,Utilities,14237.97
2023-07-01,2023,7,Q3,Finance,CC-6001,Headcount,80.39
2023-07-01,2023,7,Q3,IT,CC-7001,Salaries,615628.02
2023-07-01,2023,7,Q3,IT,CC-7001,OPEX,73057.4
2023-07-01,2023,7,Q3,IT,CC-7001,Capex,38270.23
2023-07-01,2023,7,Q3,IT,CC-7001,T&E,24205.75
2023-07-01,2023,7,Q3,IT,CC-7001,Marketing Spend,268370.72
2023-07-01,2023,7,Q3,IT,CC-7001,Software,24181.85
2023-07-01,2023,7,Q3,IT,CC-7001,Utilities,11804.81
2023-07-01,2023,7,Q3,IT,CC-7001,Headcount,57.97
2023-08-01,2023,8,Q3,Engineering,CC-1001,Salaries,528449.39
2023-08-01,2023,8,Q3,Engineering,CC-1001,OPEX,157144.1
2023-08-01,2023,8,Q3,Engineering,CC-1001,Capex,126837.3
2023-08-01,2023,8,Q3,Engineering,CC-1001,T&E,7284.4
2023-08-01,2023,8,Q3,Engineering,CC-1001,Marketing Spend,60052.66
2023-08-01,2023,8,Q3,Engineering,CC-1001,Software,37210.8
2023-08-01,2023,8,Q3,Engineering,CC-1001,Utilities,16539.27
2023-08-01,2023,8,Q3,Engineering,CC-1001,Headcount,101.95
2023-08-01,2023,8,Q3,Sales,CC-2001,Salaries,749297.03
2023-08-01,2023,8,Q3,Sales,CC-2001,OPEX,63704.8
2023-08-01,2023,8,Q3,Sales,CC-2001,Capex,31835.84
2023-08-01,2023,8,Q3,Sales,CC-2001,T&E,21304.68
2023-08-01,2023,8,Q3,Sales,CC-2001,Marketing Spend,53125.45
2023-08-01,2023,8,Q3,Sales,CC-2001,Software,23936.0
2023-08-01,2023,8,Q3,Sales,CC-2001,Utilities,29241.37
2023-08-01,2023,8,Q3,Sales,CC-2001,Headcount,117.1
2023-08-01,2023,8,Q3,Marketing,CC-3001,Salaries,281339.86
2023-08-01,2023,8,Q3,Marketing,CC-3001,OPEX,112774.79
2023-08-01,2023,8,Q3,Marketing,CC-3001,Capex,91407.35
2023-08-01,2023,8,Q3,Marketing,CC-3001,T&E,35332.14
2023-08-01,2023,8,Q3,Marketing,CC-3001,Marketing Spend,199238.07
2023-08-01,2023,8,Q3,Marketing,CC-3001,Software,43353.27
2023-08-01,2023,8,Q3,Marketing,CC-3001,Utilities,3838.82
2023-08-01,2023,8,Q3,Marketing,CC-3001,Headcount,90.43
2023-08-01,2023,8,Q3,HR,CC-4001,Salaries,473400.91
2023-08-01,2023,8,Q3,HR,CC-4001,OPEX,135894.31
2023-08-01,2023,8,Q3,HR,CC-4001,Capex,27388.31
2023-08-01,2023,8,Q3,HR,CC-4001,T&E,5137.29
2023-08-01,2023,8,Q3,HR,CC-4001,Marketing Spend,177892.61
2023-08-01,2023,8,Q3,HR,CC-4001,Software,17154.13
2023-08-01,2023,8,Q3,HR,CC-4001,Utilities,9367.99
2023-08-01,2023,8,Q3,HR,CC-4001,Headcount,105.33
2023-08-01,2023,8,Q3,Operations,CC-5001,Salaries,512337.73
2023-08-01,2023,8,Q3,Operations,CC-5001,OPEX,147439.27
2023-08-01,2023,8,Q3,Operations,CC-5001,Capex,46352.31
2023-08-01,2023,8,Q3,Operations,CC-5001,T&E,32745.31
2023-08-01,2023,8,Q3,Operations,CC-5001,Marketing Spend,102695.02
2023-08-01,2023,8,Q3,Operations,CC-5001,Software,53563.89
2023-08-01,2023,8,Q3,Operations,CC-5001,Utilities,15302.98
2023-08-01,2023,8,Q3,Operations,CC-5001,Headcount,66.37
2023-08-01,2023,8,Q3,Finance,CC-6001,Salaries,497345.78
2023-08-01,2023,8,Q3,Finance,CC-6001,OPEX,35759.12
2023-08-01,2023,8,Q3,Finance,CC-6001,Capex,38065.5
2023-08-01,2023,8,Q3,Finance,CC-6001,T&E,9088.8
2023-08-01,2023,8,Q3,Finance,CC-6001,Marketing Spend,185460.98
2023-08-01,2023,8,Q3,Finance,CC-6001,Software,22738.42
2023-08-01,2023,8,Q3,Finance,CC-6001,Utilities,15746.67
2023-08-01,2023,8,Q3,Finance,CC-6001,Headcount,20.22
2023-08-01,2023,8,Q3,IT,CC-7001,Salaries,1000363.56
2023-08-01,2023,8,Q3,IT,CC-7001,OPEX,199869.73
2023-08-01,2023,8,Q3,IT,CC-7001,Capex,66799.65
2023-08-01,2023,8,Q3,IT,CC-7001,T&E,20009.4
2023-08-01,2023,8,Q3,IT,CC-7001,Marketing Spend,200549.76
2023-08-01,2023,8,Q3,IT,CC-7001,Software,25629.86
2023-08-01,2023,8,Q3,IT,CC-7001,Utilities,14378.37
2023-08-01,2023,8,Q3,IT,CC-7001,Headcount,22.9
2023-09-01,2023,9,Q3,Engineering,CC-1001,Salaries,500352.66
2023-09-01,2023,9,Q3,Engineering,CC-1001,OPEX,53378.08
2023-09-01,2023,9,Q3,Engineering,CC-1001,Capex,139236.38
2023-09-01,2023,9,Q3,Engineering,CC-1001,T&E,5666.15
2023-09-01,2023,9,Q3,Engineering,CC-1001,Marketing Spend,140163.67
2023-09-01,2023,9,Q3,Engineering,CC-1001,Software,33602.97
2023-09-01,2023,9,Q3,Engineering,CC-1001,Utilities,15682.14
2023-09-01,2023,9,Q3,Engineering,CC-1001,Headcount,42.24
2023-09-01,2023,9,Q3,Sales,CC-2001,Salaries,360794.72
2023-09-01,2023,9,Q3,Sales,CC-2001,OPEX,177749.88
2023-09-01,2023,9,Q3,Sales,CC-2001,Capex,206469.49
2023-09-01,2023,9,Q3,Sales,CC-2001,T&E,8501.54
2023-09-01,2023,9,Q3,Sales,CC-2001,Marketing Spend,73942.74
2023-09-01,2023,9,Q3,Sales,CC-2001,Software,67171.43
2023-09-01,2023,9,Q3,Sales,CC-2001,Utilities,8444.53
2023-09-01,2023,9,Q3,Sales,CC-2001,Headcount,45.8
2023-09-01,2023,9,Q3,Marketing,CC-3001,Salaries,663715.61
2023-09-01,2023,9,Q3,Marketing,CC-3001,OPEX,70048.2
2023-09-01,2023,9,Q3,Marketing,CC-3001,Capex,69764.49
2023-09-01,2023,9,Q3,Marketing,CC-3001,T&E,27582.46
2023-09-01,2023,9,Q3,Marketing,CC-3001,Marketing Spend,166008.33
2023-09-01,2023,9,Q3,Marketing,CC-3001,Software,27292.82
2023-09-01,2023,9,Q3,Marketing,CC-3001,Utilities,3570.59
2023-09-01,2023,9,Q3,Marketing,CC-3001,Headcount,41.4
2023-09-01,2023,9,Q3,HR,CC-4001,Salaries,754184.05
2023-09-01,2023,9,Q3,HR,CC-4001,OPEX,49235.35
2023-09-01,2023,9,Q3,HR,CC-4001,Capex,100876.41
2023-09-01,2023,9,Q3,HR,CC-4001,T&E,3847.26
2023-09-01,2023,9,Q3,HR,CC-4001,Marketing Spend,187524.14
2023-09-01,2023,9,Q3,HR,CC-4001,Software,47252.49
2023-09-01,2023,9,Q3,HR,CC-4001,Utilities,9177.94
2023-09-01,2023,9,Q3,HR,CC-4001,Headcount,44.77
2023-09-01,2023,9,Q3,Operations,CC-5001,Salaries,880913.4
2023-09-01,2023,9,Q3,Operations,CC-5001,OPEX,86058.47
2023-09-01,2023,9,Q3,Operations,CC-5001,Capex,33096.88
2023-09-01,2023,9,Q3,Operations,CC-5001,T&E,16551.35
2023-09-01,2023,9,Q3,Operations,CC-5001,Marketing Spend,120427.93
2023-09-01,2023,9,Q3,Operations,CC-5001,Software,45340.96
2023-09-01,2023,9,Q3,Operations,CC-5001,Utilities,10720.06
2023-09-01,2023,9,Q3,Operations,CC-5001,Headcount,68.53
2023-09-01,2023,9,Q3,Finance,CC-6001,Salaries,518560.87
2023-09-01,2023,9,Q3,Finance,CC-6001,OPEX,60145.69
2023-09-01,2023,9,Q3,Finance,CC-6001,Capex,21854.62
2023-09-01,2023,9,Q3,Finance,CC-6001,T&E,20216.92
2023-09-01,2023,9,Q3,Finance,CC-6001,Marketing Spend,264866.52
2023-09-01,2023,9,Q3,Finance,CC-6001,Software,31096.35
2023-09-01,2023,9,Q3,Finance,CC-6001,Utilities,16631.99
2023-09-01,2023,9,Q3,Finance,CC-6001,Headcount,108.19
2023-09-01,2023,9,Q3,IT,CC-7001,Salaries,823299.41
2023-09-01,2023,9,Q3,IT,CC-7001,OPEX,159577.9
2023-09-01,2023,9,Q3,IT,CC-7001,Capex,40629.01
2023-09-01,2023,9,Q3,IT,CC-7001,T&E,15546.12
2023-09-01,2023,9,Q3,IT,CC-7001,Marketing Spend,184253.95
2023-09-01,2023,9,Q3,IT,CC-7001,Software,15602.29
2023-09-01,2023,9,Q3,IT,CC-7001,Utilities,17711.39
2023-09-01,2023,9,Q3,IT,CC-7001,Headcount,21.48
2023-10-01,2023,10,Q4,Engineering,CC-1001,Salaries,772082.99
2023-10-01,2023,10,Q4,Engineering,CC-1001,OPEX,122679.42
2023-10-01,2023,10,Q4,Engineering,CC-1001,Capex,108912.72
2023-10-01,2023,10,Q4,Engineering,CC-1001,T&E,3504.32
2023-10-01,2023,10,Q4,Engineering,CC-1001,Marketing Spend,62743.75
2023-10-01,2023,10,Q4,Engineering,CC-1001,Software,28402.38
2023-10-01,2023,10,Q4,Engineering,CC-1001,Utilities,17852.38
2023-10-01,2023,10,Q4,Engineering,CC-1001,Headcount,44.53
2023-10-01,2023,10,Q4,Sales,CC-2001,Salaries,644289.06
2023-10-01,2023,10,Q4,Sales,CC-2001,OPEX,170071.09
2023-10-01,2023,10,Q4,Sales,CC-2001,Capex,19590.91
2023-10-01,2023,10,Q4,Sales,CC-2001,T&E,32790.87
2023-10-01,2023,10,Q4,Sales,CC-2001,Marketing Spend,80418.28
2023-10-01,2023,10,Q4,Sales,CC-2001,Software,65324.35
2023-10-01,2023,10,Q4,Sales,CC-2001,Utilities,24454.46
2023-10-01,2023,10,Q4,Sales,CC-2001,Headcount,96.09
2023-10-01,2023,10,Q4,Marketing,CC-3001,Salaries,369935.56
2023-10-01,2023,10,Q4,Marketing,CC-3001,OPEX,142655.55
2023-10-01,2023,10,Q4,Marketing,CC-3001,Capex,35361.31
2023-10-01,2023,10,Q4,Marketing,CC-3001,T&E,2536.01
2023-10-01,2023,10,Q4,Marketing,CC-3001,Marketing Spend,77302.48
2023-10-01,2023,10,Q4,Marketing,CC-3001,Software,46749.92
2023-10-01,2023,10,Q4,Marketing,CC-3001,Utilities,21947.42
2023-10-01,2023,10,Q4,Marketing,CC-3001,Headcount,18.8
2023-10-01,2023,10,Q4,HR,CC-4001,Salaries,604512.2
2023-10-01,2023,10,Q4,HR,CC-4001,OPEX,147501.54
2023-10-01,2023,10,Q4,HR,CC-4001,Capex,29101.85
2023-10-01,2023,10,Q4,HR,CC-4001,T&E,7210.26
2023-10-01,2023,10,Q4,HR,CC-4001,Marketing Spend,152073.67
2023-10-01,2023,10,Q4,HR,CC-4001,Software,29690.15
2023-10-01,2023,10,Q4,HR,CC-4001,Utilities,19017.8
2023-10-01,2023,10,Q4,HR,CC-4001,Headcount,54.58
2023-10-01,2023,10,Q4,Operations,CC-5001,Salaries,525360.04
2023-10-01,2023,10,Q4,Operations,CC-5001,OPEX,70546.65
2023-10-01,2023,10,Q4,Operations,CC-5001,Capex,94203.38
2023-10-01,2023,10,Q4,Operations,CC-5001,T&E,8215.1
2023-10-01,2023,10,Q4,Operations,CC-5001,Marketing Spend,206023.31
2023-10-01,2023,10,Q4,Operations,CC-5001,Software,27158.12
2023-10-01,2023,10,Q4,Operations,CC-5001,Utilities,20424.63
2023-10-01,2023,10,Q4,Operations,CC-5001,Headcount,26.94
2023-10-01,2023,10,Q4,Finance,CC-6001,Salaries,190704.29
2023-10-01,2023,10,Q4,Finance,CC-6001,OPEX,50306.38
2023-10-01,2023,10,Q4,Finance,CC-6001,Capex,84980.2
2023-10-01,2023,10,Q4,Finance,CC-6001,T&E,29195.67
2023-10-01,2023,10,Q4,Finance,CC-6001,Marketing Spend,210341.14
2023-10-01,2023,10,Q4,Finance,CC-6001,Software,48286.45
2023-10-01,2023,10,Q4,Finance,CC-6001,Utilities,11071.39
2023-10-01,2023,10,Q4,Finance,CC-6001,Headcount,75.56
2023-10-01,2023,10,Q4,IT,CC-7001,Salaries,347466.16
2023-10-01,2023,10,Q4,IT,CC-7001,OPEX,53446.73
2023-10-01,2023,10,Q4,IT,CC-7001,Capex,108249.53
2023-10-01,2023,10,Q4,IT,CC-7001,T&E,14155.18
2023-10-01,2023,10,Q4,IT,CC-7001,Marketing Spend,93097.47
2023-10-01,2023,10,Q4,IT,CC-7001,Software,45591.33
2023-10-01,2023,10,Q4,IT,CC-7001,Utilities,4372.54
2023-10-01,2023,10,Q4,IT,CC-7001,Headcount,94.69
2023-11-01,2023,11,Q4,Engineering,CC-1001,Salaries,347626.03
2023-11-01,2023,11,Q4,Engineering,CC-1001,OPEX,130672.29
2023-11-01,2023,11,Q4,Engineering,CC-1001,Capex,44593.33
2023-11-01,2023,11,Q4,Engineering,CC-1001,T&E,42784.79
2023-11-01,2023,11,Q4,Engineering,CC-1001,Marketing Spend,182666.08
2023-11-01,2023,11,Q4,Engineering,CC-1001,Software,12925.71
2023-11-01,2023,11,Q4,Engineering,CC-1001,Utilities,9058.36
2023-11-01,2023,11,Q4,Engineering,CC-1001,Headcount,52.14
2023-11-01,2023,11,Q4,Sales,CC-2001,Salaries,805384.74
2023-11-01,2023,11,Q4,Sales,CC-2001,OPEX,27870.89
2023-11-01,2023,11,Q4,Sales,CC-2001,Capex,30083.74
2023-11-01,2023,11,Q4,Sales,CC-2001,T&E,18863.51
2023-11-01,2023,11,Q4,Sales,CC-2001,Marketing Spend,66725.79
2023-11-01,2023,11,Q4,Sales,CC-2001,Software,27868.51
2023-11-01,2023,11,Q4,Sales,CC-2001,Utilities,17627.58
2023-11-01,2023,11,Q4,Sales,CC-2001,Headcount,34.5
2023-11-01,2023,11,Q4,Marketing,CC-3001,Salaries,564641.72
2023-11-01,2023,11,Q4,Marketing,CC-3001,OPEX,113647.38
2023-11-01,2023,11,Q4,Marketing,CC-3001,Capex,51873.95
2023-11-01,2023,11,Q4,Marketing,CC-3001,T&E,42533.12
2023-11-01,2023,11,Q4,Marketing,CC-3001,Marketing Spend,171150.3
2023-11-01,2023,11,Q4,Marketing,CC-3001,Software,72466.63
2023-11-01,2023,11,Q4,Marketing,CC-3001,Utilities,17150.95
2023-11-01,2023,11,Q4,Marketing,CC-3001,Headcount,28.3
2023-11-01,2023,11,Q4,HR,CC-4001,Salaries,764933.2
2023-11-01,2023,11,Q4,HR,CC-4001,OPEX,55221.1
2023-11-01,2023,11,Q4,HR,CC-4001,Capex,26742.17
2023-11-01,2023,11,Q4,HR,CC-4001,T&E,10024.71
2023-11-01,2023,11,Q4,HR,CC-4001,Marketing Spend,296357.44
2023-11-01,2023,11,Q4,HR,CC-4001,Software,70999.05
2023-11-01,2023,11,Q4,HR,CC-4001,Utilities,24859.36
2023-11-01,2023,11,Q4,HR,CC-4001,Headcount,25.33
2023-11-01,2023,11,Q4,Operations,CC-5001,Salaries,635795.54
2023-11-01,2023,11,Q4,Operations,CC-5001,OPEX,164804.18
2023-11-01,2023,11,Q4,Operations,CC-5001,Capex,72093.59
2023-11-01,2023,11,Q4,Operations,CC-5001,T&E,15550.15
2023-11-01,2023,11,Q4,Operations,CC-5001,Marketing Spend,87189.25
2023-11-01,2023,11,Q4,Operations,CC-5001,Software,42626.87
2023-11-01,2023,11,Q4,Operations,CC-5001,Utilities,22945.65
2023-11-01,2023,11,Q4,Operations,CC-5001,Headcount,82.87
2023-11-01,2023,11,Q4,Finance,CC-6001,Salaries,398030.27
2023-11-01,2023,11,Q4,Finance,CC-6001,OPEX,143805.42
2023-11-01,2023,11,Q4,Finance,CC-6001,Capex,62943.71
2023-11-01,2023,11,Q4,Finance,CC-6001,T&E,14901.27
2023-11-01,2023,11,Q4,Finance,CC-6001,Marketing Spend,94937.72
2023-11-01,2023,11,Q4,Finance,CC-6001,Software,75382.52
2023-11-01,2023,11,Q4,Finance,CC-6001,Utilities,22272.15
2023-11-01,2023,11,Q4,Finance,CC-6001,Headcount,34.17
2023-11-01,2023,11,Q4,IT,CC-7001,Salaries,710080.68
2023-11-01,2023,11,Q4,IT,CC-7001,OPEX,41911.7
2023-11-01,2023,11,Q4,IT,CC-7001,Capex,33704.1
2023-11-01,2023,11,Q4,IT,CC-7001,T&E,12028.19
2023-11-01,2023,11,Q4,IT,CC-7001,Marketing Spend,190171.42
2023-11-01,2023,11,Q4,IT,CC-7001,Software,39252.75
2023-11-01,2023,11,Q4,IT,CC-7001,Utilities,17015.05
2023-11-01,2023,11,Q4,IT,CC-7001,Headcount,40.98
2023-12-01,2023,12,Q4,Engineering,CC-1001,Salaries,739109.29
2023-12-01,2023,12,Q4,Engineering,CC-1001,OPEX,148656.27
2023-12-01,2023,12,Q4,Engineering,CC-1001,Capex,29881.81
2023-12-01,2023,12,Q4,Engineering,CC-1001,T&E,6276.63
2023-12-01,2023,12,Q4,Engineering,CC-1001,Marketing Spend,314986.49
2023-12-01,2023,12,Q4,Engineering,CC-1001,Software,56279.22
2023-12-01,2023,12,Q4,Engineering,CC-1001,Utilities,17594.17
2023-12-01,2023,12,Q4,Engineering,CC-1001,Headcount,92.39
2023-12-01,2023,12,Q4,Sales,CC-2001,Salaries,923199.56
2023-12-01,2023,12,Q4,Sales,CC-2001,OPEX,117221.18
2023-12-01,2023,12,Q4,Sales,CC-2001,Capex,39667.27
2023-12-01,2023,12,Q4,Sales,CC-2001,T&E,18399.44
2023-12-01,2023,12,Q4,Sales,CC-2001,Marketing Spend,72608.12
2023-12-01,2023,12,Q4,Sales,CC-2001,Software,14440.77
2023-12-01,2023,12,Q4,Sales,CC-2001,Utilities,31005.14
2023-12-01,2023,12,Q4,Sales,CC-2001,Headcount,95.57
2023-12-01,2023,12,Q4,Marketing,CC-3001,Salaries,473061.82
2023-12-01,2023,12,Q4,Marketing,CC-3001,OPEX,52853.05
2023-12-01,2023,12,Q4,Marketing,CC-3001,Capex,71784.1
2023-12-01,2023,12,Q4,Marketing,CC-3001,T&E,12782.64
2023-12-01,2023,12,Q4,Marketing,CC-3001,Marketing Spend,66340.61
2023-12-01,2023,12,Q4,Marketing,CC-3001,Software,54469.32
2023-12-01,2023,12,Q4,Marketing,CC-3001,Utilities,23882.14
2023-12-01,2023,12,Q4,Marketing,CC-3001,Headcount,47.68
2023-12-01,2023,12,Q4,HR,CC-4001,Salaries,625610.17
2023-12-01,2023,12,Q4,HR,CC-4001,OPEX,57488.67
2023-12-01,2023,12,Q4,HR,CC-4001,Capex,59354.86
2023-12-01,2023,12,Q4,HR,CC-4001,T&E,13772.36
2023-12-01,2023,12,Q4,HR,CC-4001,Marketing Spend,204488.11
2023-12-01,2023,12,Q4,HR,CC-4001,Software,13319.67
2023-12-01,2023,12,Q4,HR,CC-4001,Utilities,6512.89
2023-12-01,2023,12,Q4,HR,CC-4001,Headcount,84.93
2023-12-01,2023,12,Q4,Operations,CC-5001,Salaries,649577.72
2023-12-01,2023,12,Q4,Operations,CC-5001,OPEX,157555.88
2023-12-01,2023,12,Q4,Operations,CC-5001,Capex,115159.48
2023-12-01,2023,12,Q4,Operations,CC-5001,T&E,13711.1
2023-12-01,2023,12,Q4,Operations,CC-5001,Marketing Spend,228371.59
2023-12-01,2023,12,Q4,Operations,CC-5001,Software,70921.53
2023-12-01,2023,12,Q4,Operations,CC-5001,Utilities,28548.22
2023-12-01,2023,12,Q4,Operations,CC-5001,Headcount,60.12
2023-12-01,2023,12,Q4,Finance,CC-6001,Salaries,770425.56
2023-12-01,2023,12,Q4,Finance,CC-6001,OPEX,116892.11
2023-12-01,2023,12,Q4,Finance,CC-6001,Capex,113505.23
2023-12-01,2023,12,Q4,Finance,CC-6001,T&E,4517.83
2023-12-01,2023,12,Q4,Finance,CC-6001,Marketing Spend,250099.83
2023-12-01,2023,12,Q4,Finance,CC-6001,Software,52960.4
2023-12-01,2023,12,Q4,Finance,CC-6001,Utilities,25347.34
2023-12-01,2023,12,Q4,Finance,CC-6001,Headcount,39.7
2023-12-01,2023,12,Q4,IT,CC-7001,Salaries,648863.15
2023-12-01,2023,12,Q4,IT,CC-7001,OPEX,171792.87
2023-12-01,2023,12,Q4,IT,CC-7001,Capex,101119.03
2023-12-01,2023,12,Q4,IT,CC-7001,T&E,10865.97
2023-12-01,2023,12,Q4,IT,CC-7001,Marketing Spend,61723.94
2023-12-01,2023,12,Q4,IT,CC-7001,Software,73294.17
2023-12-01,2023,12,Q4,IT,CC-7001,Utilities,16543.15
2023-12-01,2023,12,Q4,IT,CC-7001,Headcount,95.29
2024-01-01,2024,1,Q1,Engineering,CC-1001,Salaries,206341.6
2024-01-01,2024,1,Q1,Engineering,CC-1001,OPEX,179562.01
2024-01-01,2024,1,Q1,Engineering,CC-1001,Capex,100647.79
2024-01-01,2024,1,Q1,Engineering,CC-1001,T&E,15143.09
2024-01-01,2024,1,Q1,Engineering,CC-1001,Marketing Spend,226759.37
2024-01-01,2024,1,Q1,Engineering,CC-1001,Software,62648.62
2024-01-01,2024,1,Q1,Engineering,CC-1001,Utilities,34169.81
2024-01-01,2024,1,Q1,Engineering,CC-1001,Headcount,29.42
2024-01-01,2024,1,Q1,Sales,CC-2001,Salaries,660642.03
2024-01-01,2024,1,Q1,Sales,CC-2001,OPEX,198063.39
2024-01-01,2024,1,Q1,Sales,CC-2001,Capex,86615.56
2024-01-01,2024,1,Q1,Sales,CC-2001,T&E,28462.94
2024-01-01,2024,1,Q1,Sales,CC-2001,Marketing Spend,134605.5
2024-01-01,2024,1,Q1,Sales,CC-2001,Software,20482.81
2024-01-01,2024,1,Q1,Sales,CC-2001,Utilities,24334.86
2024-01-01,2024,1,Q1,Sales,CC-2001,Headcount,68.05
2024-01-01,2024,1,Q1,Marketing,CC-3001,Salaries,701005.47
2024-01-01,2024,1,Q1,Marketing,CC-3001,OPEX,111615.36
2024-01-01,2024,1,Q1,Marketing,CC-3001,Capex,107379.55
2024-01-01,2024,1,Q1,Marketing,CC-3001,T&E,39003.51
2024-01-01,2024,1,Q1,Marketing,CC-3001,Marketing Spend,149811.69
2024-01-01,2024,1,Q1,Marketing,CC-3001,Software,71613.14
2024-01-01,2024,1,Q1,Marketing,CC-3001,Utilities,26781.38
2024-01-01,2024,1,Q1,Marketing,CC-3001,Headcount,56.25
2024-01-01,2024,1,Q1,HR,CC-4001,Salaries,562471.81
2024-01-01,2024,1,Q1,HR,CC-4001,OPEX,107478.57
2024-01-01,2024,1,Q1,HR,CC-4001,Capex,100022.46
2024-01-01,2024,1,Q1,HR,CC-4001,T&E,9732.9
2024-01-01,2024,1,Q1,HR,CC-4001,Marketing Spend,221143.62
2024-01-01,2024,1,Q1,HR,CC-4001,Software,44158.16
2024-01-01,2024,1,Q1,HR,CC-4001,Utilities,12179.47
2024-01-01,2024,1,Q1,HR,CC-4001,Headcount,162.67
2024-01-01,2024,1,Q1,Operations,CC-5001,Salaries,169371.34
2024-01-01,2024,1,Q1,Operations,CC-5001,OPEX,172160.49
2024-01-01,2024,1,Q1,Operations,CC-5001,Capex,219545.58
2024-01-01,2024,1,Q1,Operations,CC-5001,T&E,54277.5
2024-01-01,2024,1,Q1,Operations,CC-5001,Marketing Spend,101318.81
2024-01-01,2024,1,Q1,Operations,CC-5001,Software,39574.35
2024-01-01,2024,1,Q1,Operations,CC-5001,Utilities,5715.87
2024-01-01,2024,1,Q1,Operations,CC-5001,Headcount,17.94
2024-01-01,2024,1,Q1,Finance,CC-6001,Salaries,847258.1
2024-01-01,2024,1,Q1,Finance,CC-6001,OPEX,105231.05
2024-01-01,2024,1,Q1,Finance,CC-6001,Capex,100203.58
2024-01-01,2024,1,Q1,Finance,CC-6001,T&E,33907.06
2024-01-01,2024,1,Q1,Finance,CC-6001,Marketing Spend,63199.78
2024-01-01,2024,1,Q1,Finance,CC-6001,Software,39138.51
2024-01-01,2024,1,Q1,Finance,CC-6001,Utilities,21434.67
2024-01-01,2024,1,Q1,Finance,CC-6001,Headcount,57.25
2024-01-01,2024,1,Q1,IT,CC-7001,Salaries,769833.72
2024-01-01,2024,1,Q1,IT,CC-7001,OPEX,178804.44
2024-01-01,2024,1,Q1,IT,CC-7001,Capex,227129.24
2024-01-01,2024,1,Q1,IT,CC-7001,T&E,31735.81
2024-01-01,2024,1,Q1,IT,CC-7001,Marketing Spend,38640.34
2024-01-01,2024,1,Q1,IT,CC-7001,Software,54668.06
2024-01-01,2024,1,Q1,IT,CC-7001,Utilities,25573.31
2024-01-01,2024,1,Q1,IT,CC-7001,Headcount,74.15
2024-02-01,2024,2,Q1,Engineering,CC-1001,Salaries,630396.83
2024-02-01,2024,2,Q1,Engineering,CC-1001,OPEX,118659.99
2024-02-01,2024,2,Q1,Engineering,CC-1001,Capex,30031.57
2024-02-01,2024,2,Q1,Engineering,CC-1001,T&E,18543.73
2024-02-01,2024,2,Q1,Engineering,CC-1001,Marketing Spend,282353.99
2024-02-01,2024,2,Q1,Engineering,CC-1001,Software,65960.01
2024-02-01,2024,2,Q1,Engineering,CC-1001,Utilities,18058.77
2024-02-01,2024,2,Q1,Engineering,CC-1001,Headcount,15.07
2024-02-01,2024,2,Q1,Sales,CC-2001,Salaries,610196.71
2024-02-01,2024,2,Q1,Sales,CC-2001,OPEX,59301.63
2024-02-01,2024,2,Q1,Sales,CC-2001,Capex,146047.8
2024-02-01,2024,2,Q1,Sales,CC-2001,T&E,4740.18
2024-02-01,2024,2,Q1,Sales,CC-2001,Marketing Spend,304511.76
2024-02-01,2024,2,Q1,Sales,CC-2001,Software,57583.2
2024-02-01,2024,2,Q1,Sales,CC-2001,Utilities,12505.93
2024-02-01,2024,2,Q1,Sales,CC-2001,Headcount,117.75
2024-02-01,2024,2,Q1,Marketing,CC-3001,Salaries,582484.46
2024-02-01,2024,2,Q1,Marketing,CC-3001,OPEX,221729.87
2024-02-01,2024,2,Q1,Marketing,CC-3001,Capex,30852.4
2024-02-01,2024,2,Q1,Marketing,CC-3001,T&E,20089.59
2024-02-01,2024,2,Q1,Marketing,CC-3001,Marketing Spend,13144.88
2024-02-01,2024,2,Q1,Marketing,CC-3001,Software,8074.29
2024-02-01,2024,2,Q1,Marketing,CC-3001,Utilities,15971.99
2024-02-01,2024,2,Q1,Marketing,CC-3001,Headcount,29.07
2024-02-01,2024,2,Q1,HR,CC-4001,Salaries,583536.36
2024-02-01,2024,2,Q1,HR,CC-4001,OPEX,36134.56
2024-02-01,2024,2,Q1,HR,CC-4001,Capex,65266.45
2024-02-01,2024,2,Q1,HR,CC-4001,T&E,27442.69
2024-02-01,2024,2,Q1,HR,CC-4001,Marketing Spend,17928.93
2024-02-01,2024,2,Q1,HR,CC-4001,Software,28814.41
2024-02-01,2024,2,Q1,HR,CC-4001,Utilities,25777.45
2024-02-01,2024,2,Q1,HR,CC-4001,Headcount,107.02
2024-02-01,2024,2,Q1,Operations,CC-5001,Salaries,962328.94
2024-02-01,2024,2,Q1,Operations,CC-5001,OPEX,338768.39
2024-02-01,2024,2,Q1,Operations,CC-5001,Capex,51833.44
2024-02-01,2024,2,Q1,Operations,CC-5001,T&E,10471.44
2024-02-01,2024,2,Q1,Operations,CC-5001,Marketing Spend,91980.83
2024-02-01,2024,2,Q1,Operations,CC-5001,Software,13904.62
2024-02-01,2024,2,Q1,Operations,CC-5001,Utilities,22020.37
2024-02-01,2024,2,Q1,Operations,CC-5001,Headcount,71.51
2024-02-01,2024,2,Q1,Finance,CC-6001,Salaries,1062590.51
2024-02-01,2024,2,Q1,Finance,CC-6001,OPEX,106320.17
2024-02-01,2024,2,Q1,Finance,CC-6001,Capex,242248.22
2024-02-01,2024,2,Q1,Finance,CC-6001,T&E,18563.57
2024-02-01,2024,2,Q1,Finance,CC-6001,Marketing Spend,245029.92
2024-02-01,2024,2,Q1,Finance,CC-6001,Software,13839.57
2024-02-01,2024,2,Q1,Finance,CC-6001,Utilities,15900.49
2024-02-01,2024,2,Q1,Finance,CC-6001,Headcount,81.98
2024-02-01,2024,2,Q1,IT,CC-7001,Salaries,694965.49
2024-02-01,2024,2,Q1,IT,CC-7001,OPEX,80508.09
2024-02-01,2024,2,Q1,IT,CC-7001,Capex,147222.08
2024-02-01,2024,2,Q1,IT,CC-7001,T&E,8832.76
2024-02-01,2024,2,Q1,IT,CC-7001,Marketing Spend,58033.79
2024-02-01,2024,2,Q1,IT,CC-7001,Software,16077.28
2024-02-01,2024,2,Q1,IT,CC-7001,Utilities,25467.35
2024-02-01,2024,2,Q1,IT,CC-7001,Headcount,56.92
2024-03-01,2024,3,Q1,Engineering,CC-1001,Salaries,651928.94
2024-03-01,2024,3,Q1,Engineering,CC-1001,OPEX,159626.13
2024-03-01,2024,3,Q1,Engineering,CC-1001,Capex,47984.56
2024-03-01,2024,3,Q1,Engineering,CC-1001,T&E,13181.9
2024-03-01,2024,3,Q1,Engineering,CC-1001,Marketing Spend,156974.4
2024-03-01,2024,3,Q1,Engineering,CC-1001,Software,82303.46
2024-03-01,2024,3,Q1,Engineering,CC-1001,Utilities,13881.38
2024-03-01,2024,3,Q1,Engineering,CC-1001,Headcount,11.56
2024-03-01,2024,3,Q1,Sales,CC-2001,Salaries,222790.05
2024-03-01,2024,3,Q1,Sales,CC-2001,OPEX,178707.61
2024-03-01,2024,3,Q1,Sales,CC-2001,Capex,62779.65
2024-03-01,2024,3,Q1,Sales,CC-2001,T&E,32757.72
2024-03-01,2024,3,Q1,Sales,CC-2001,Marketing Spend,136677.53
2024-03-01,2024,3,Q1,Sales,CC-2001,Software,36500.14
2024-03-01,2024,3,Q1,Sales,CC-2001,Utilities,32267.16
2024-03-01,2024,3,Q1,Sales,CC-2001,Headcount,64.17
2024-03-01,2024,3,Q1,Marketing,CC-3001,Salaries,1029957.08
2024-03-01,2024,3,Q1,Marketing,CC-3001,OPEX,186694.1
2024-03-01,2024,3,Q1,Marketing,CC-3001,Capex,78113.29
2024-03-01,2024,3,Q1,Marketing,CC-3001,T&E,36517.57
2024-03-01,2024,3,Q1,Marketing,CC-3001,Marketing Spend,48974.92
2024-03-01,2024,3,Q1,Marketing,CC-3001,Software,42555.57
2024-03-01,2024,3,Q1,Marketing,CC-3001,Utilities,11429.46
2024-03-01,2024,3,Q1,Marketing,CC-3001,Headcount,59.1
2024-03-01,2024,3,Q1,HR,CC-4001,Salaries,436423.83
2024-03-01,2024,3,Q1,HR,CC-4001,OPEX,92860.52
2024-03-01,2024,3,Q1,HR,CC-4001,Capex,149804.26
2024-03-01,2024,3,Q1,HR,CC-4001,T&E,40911.32
2024-03-01,2024,3,Q1,HR,CC-4001,Marketing Spend,433417.91
2024-03-01,2024,3,Q1,HR,CC-4001,Software,20602.02
2024-03-01,2024,3,Q1,HR,CC-4001,Utilities,6173.29
2024-03-01,2024,3,Q1,HR,CC-4001,Headcount,62.87
2024-03-01,2024,3,Q1,Operations,CC-5001,Salaries,1029507.62
2024-03-01,2024,3,Q1,Operations,CC-5001,OPEX,227217.07
2024-03-01,2024,3,Q1,Operations,CC-5001,Capex,27322.02
2024-03-01,2024,3,Q1,Operations,CC-5001,T&E,54131.54
2024-03-01,2024,3,Q1,Operations,CC-5001,Marketing Spend,39289.3
2024-03-01,2024,3,Q1,Operations,CC-5001,Software,87213.04
2024-03-01,2024,3,Q1,Operations,CC-5001,Utilities,18607.63
2024-03-01,2024,3,Q1,Operations,CC-5001,Headcount,37.5
2024-03-01,2024,3,Q1,Finance,CC-6001,Salaries,905665.92
2024-03-01,2024,3,Q1,Finance,CC-6001,OPEX,143527.38
2024-03-01,2024,3,Q1,Finance,CC-6001,Capex,188733.64
2024-03-01,2024,3,Q1,Finance,CC-6001,T&E,16945.92
2024-03-01,2024,3,Q1,Finance,CC-6001,Marketing Spend,120787.27
2024-03-01,2024,3,Q1,Finance,CC-6001,Software,27070.22
2024-03-01,2024,3,Q1,Finance,CC-6001,Utilities,26559.2
2024-03-01,2024,3,Q1,Finance,CC-6001,Headcount,64.64
2024-03-01,2024,3,Q1,IT,CC-7001,Salaries,948809.37
2024-03-01,2024,3,Q1,IT,CC-7001,OPEX,114584.83
2024-03-01,2024,3,Q1,IT,CC-7001,Capex,94039.06
2024-03-01,2024,3,Q1,IT,CC-7001,T&E,39747.92
2024-03-01,2024,3,Q1,IT,CC-7001,Marketing Spend,34830.66
2024-03-01,2024,3,Q1,IT,CC-7001,Software,78262.42
2024-03-01,2024,3,Q1,IT,CC-7001,Utilities,19515.92
2024-03-01,2024,3,Q1,IT,CC-7001,Headcount,43.13
2024-04-01,2024,4,Q2,Engineering,CC-1001,Salaries,519203.66
2024-04-01,2024,4,Q2,Engineering,CC-1001,OPEX,226319.46
2024-04-01,2024,4,Q2,Engineering,CC-1001,Capex,105364.55
2024-04-01,2024,4,Q2,Engineering,CC-1001,T&E,35378.91
2024-04-01,2024,4,Q2,Engineering,CC-1001,Marketing Spend,64083.96
2024-04-01,2024,4,Q2,Engineering,CC-1001,Software,80901.46
2024-04-01,2024,4,Q2,Engineering,CC-1001,Utilities,7370.02
2024-04-01,2024,4,Q2,Engineering,CC-1001,Headcount,89.67
2024-04-01,2024,4,Q2,Sales,CC-2001,Salaries,862730.49
2024-04-01,2024,4,Q2,Sales,CC-2001,OPEX,96661.69
2024-04-01,2024,4,Q2,Sales,CC-2001,Capex,130301.34
2024-04-01,2024,4,Q2,Sales,CC-2001,T&E,34173.74
2024-04-01,2024,4,Q2,Sales,CC-2001,Marketing Spend,52595.67
2024-04-01,2024,4,Q2,Sales,CC-2001,Software,65464.91
2024-04-01,2024,4,Q2,Sales,CC-2001,Utilities,9757.05
2024-04-01,2024,4,Q2,Sales,CC-2001,Headcount,34.71
2024-04-01,2024,4,Q2,Marketing,CC-3001,Salaries,694274.59
2024-04-01,2024,4,Q2,Marketing,CC-3001,OPEX,119923.86
2024-04-01,2024,4,Q2,Marketing,CC-3001,Capex,258980.91
2024-04-01,2024,4,Q2,Marketing,CC-3001,T&E,56072.74
2024-04-01,2024,4,Q2,Marketing,CC-3001,Marketing Spend,257359.94
2024-04-01,2024,4,Q2,Marketing,CC-3001,Software,77014.94
2024-04-01,2024,4,Q2,Marketing,CC-3001,Utilities,52272.77
2024-04-01,2024,4,Q2,Marketing,CC-3001,Headcount,51.57
2024-04-01,2024,4,Q2,HR,CC-4001,Salaries,745569.28
2024-04-01,2024,4,Q2,HR,CC-4001,OPEX,98072.11
2024-04-01,2024,4,Q2,HR,CC-4001,Capex,124580.77
2024-04-01,2024,4,Q2,HR,CC-4001,T&E,20782.99
2024-04-01,2024,4,Q2,HR,CC-4001,Marketing Spend,138213.41
2024-04-01,2024,4,Q2,HR,CC-4001,Software,12090.13
2024-04-01,2024,4,Q2,HR,CC-4001,Utilities,20728.08
2024-04-01,2024,4,Q2,HR,CC-4001,Headcount,66.49
2024-04-01,2024,4,Q2,Operations,CC-5001,Salaries,920037.04
2024-04-01,2024,4,Q2,Operations,CC-5001,OPEX,98754.88
2024-04-01,2024,4,Q2,Operations,CC-5001,Capex,66543.24
2024-04-01,2024,4,Q2,Operations,CC-5001,T&E,36877.08
2024-04-01,2024,4,Q2,Operations,CC-5001,Marketing Spend,53931.52
2024-04-01,2024,4,Q2,Operations,CC-5001,Software,63212.65
2024-04-01,2024,4,Q2,Operations,CC-5001,Utilities,23723.51
2024-04-01,2024,4,Q2,Operations,CC-5001,Headcount,120.89
2024-04-01,2024,4,Q2,Finance,CC-6001,Salaries,477471.56
2024-04-01,2024,4,Q2,Finance,CC-6001,OPEX,59941.52
2024-04-01,2024,4,Q2,Finance,CC-6001,Capex,141821.27
2024-04-01,2024,4,Q2,Finance,CC-6001,T&E,23999.56
2024-04-01,2024,4,Q2,Finance,CC-6001,Marketing Spend,125256.97
2024-04-01,2024,4,Q2,Finance,CC-6001,Software,37132.02
2024-04-01,2024,4,Q2,Finance,CC-6001,Utilities,10833.91
2024-04-01,2024,4,Q2,Finance,CC-6001,Headcount,133.07
2024-04-01,2024,4,Q2,IT,CC-7001,Salaries,770852.73
2024-04-01,2024,4,Q2,IT,CC-7001,OPEX,49926.04
2024-04-01,2024,4,Q2,IT,CC-7001,Capex,24341.47
2024-04-01,2024,4,Q2,IT,CC-7001,T&E,29817.91
2024-04-01,2024,4,Q2,IT,CC-7001,Marketing Spend,111624.77
2024-04-01,2024,4,Q2,IT,CC-7001,Software,18421.98
2024-04-01,2024,4,Q2,IT,CC-7001,Utilities,9223.75
2024-04-01,2024,4,Q2,IT,CC-7001,Headcount,96.72
2024-05-01,2024,5,Q2,Engineering,CC-1001,Salaries,757078.64
2024-05-01,2024,5,Q2,Engineering,CC-1001,OPEX,26642.69
2024-05-01,2024,5,Q2,Engineering,CC-1001,Capex,124736.18
2024-05-01,2024,5,Q2,Engineering,CC-1001,T&E,5273.25
2024-05-01,2024,5,Q2,Engineering,CC-1001,Marketing Spend,142968.44
2024-05-01,2024,5,Q2,Engineering,CC-1001,Software,67214.47
2024-05-01,2024,5,Q2,Engineering,CC-1001,Utilities,24992.2
2024-05-01,2024,5,Q2,Engineering,CC-1001,Headcount,16.9
2024-05-01,2024,5,Q2,Sales,CC-2001,Salaries,922669.82
2024-05-01,2024,5,Q2,Sales,CC-2001,OPEX,76619.0
2024-05-01,2024,5,Q2,Sales,CC-2001,Capex,130024.79
2024-05-01,2024,5,Q2,Sales,CC-2001,T&E,29603.51
2024-05-01,2024,5,Q2,Sales,CC-2001,Marketing Spend,176070.87
2024-05-01,2024,5,Q2,Sales,CC-2001,Software,23095.85
2024-05-01,2024,5,Q2,Sales,CC-2001,Utilities,7004.87
2024-05-01,2024,5,Q2,Sales,CC-2001,Headcount,8.23
2024-05-01,2024,5,Q2,Marketing,CC-3001,Salaries,612621.98
2024-05-01,2024,5,Q2,Marketing,CC-3001,OPEX,85565.48
2024-05-01,2024,5,Q2,Marketing,CC-3001,Capex,72803.73
2024-05-01,2024,5,Q2,Marketing,CC-3001,T&E,32317.46
2024-05-01,2024,5,Q2,Marketing,CC-3001,Marketing Spend,258392.93
2024-05-01,2024,5,Q2,Marketing,CC-3001,Software,18591.49
2024-05-01,2024,5,Q2,Marketing,CC-3001,Utilities,6637.46
2024-05-01,2024,5,Q2,Marketing,CC-3001,Headcount,68.5
2024-05-01,2024,5,Q2,HR,CC-4001,Salaries,531338.89
2024-05-01,2024,5,Q2,HR,CC-4001,OPEX,85831.47
2024-05-01,2024,5,Q2,HR,CC-4001,Capex,139608.48
2024-05-01,2024,5,Q2,HR,CC-4001,T&E,37937.65
2024-05-01,2024,5,Q2,HR,CC-4001,Marketing Spend,171933.54
2024-05-01,2024,5,Q2,HR,CC-4001,Software,31211.71
2024-05-01,2024,5,Q2,HR,CC-4001,Utilities,33901.8
2024-05-01,2024,5,Q2,HR,CC-4001,Headcount,38.2
2024-05-01,2024,5,Q2,Operations,CC-5001,Salaries,419162.22
2024-05-01,2024,5,Q2,Operations,CC-5001,OPEX,116272.79
2024-05-01,2024,5,Q2,Operations,CC-5001,Capex,40460.66
2024-05-01,2024,5,Q2,Operations,CC-5001,T&E,32545.63
2024-05-01,2024,5,Q2,Operations,CC-5001,Marketing Spend,242832.39
2024-05-01,2024,5,Q2,Operations,CC-5001,Software,73516.85
2024-05-01,2024,5,Q2,Operations,CC-5001,Utilities,18978.62
2024-05-01,2024,5,Q2,Operations,CC-5001,Headcount,30.02
2024-05-01,2024,5,Q2,Finance,CC-6001,Salaries,780556.58
2024-05-01,2024,5,Q2,Finance,CC-6001,OPEX,70689.05
2024-05-01,2024,5,Q2,Finance,CC-6001,Capex,122247.62
2024-05-01,2024,5,Q2,Finance,CC-6001,T&E,38677.16
2024-05-01,2024,5,Q2,Finance,CC-6001,Marketing Spend,261266.08
2024-05-01,2024,5,Q2,Finance,CC-6001,Software,35520.73
2024-05-01,2024,5,Q2,Finance,CC-6001,Utilities,29329.51
2024-05-01,2024,5,Q2,Finance,CC-6001,Headcount,59.54
2024-05-01,2024,5,Q2,IT,CC-7001,Salaries,873371.22
2024-05-01,2024,5,Q2,IT,CC-7001,OPEX,108150.23
2024-05-01,2024,5,Q2,IT,CC-7001,Capex,131002.09
2024-05-01,2024,5,Q2,IT,CC-7001,T&E,29020.37
2024-05-01,2024,5,Q2,IT,CC-7001,Marketing Spend,145084.4
2024-05-01,2024,5,Q2,IT,CC-7001,Software,21823.47
2024-05-01,2024,5,Q2,IT,CC-7001,Utilities,4323.24
2024-05-01,2024,5,Q2,IT,CC-7001,Headcount,34.21
2024-06-01,2024,6,Q2,Engineering,CC-1001,Salaries,694914.51
2024-06-01,2024,6,Q2,Engineering,CC-1001,OPEX,84368.32
2024-06-01,2024,6,Q2,Engineering,CC-1001,Capex,126677.64
2024-06-01,2024,6,Q2,Engineering,CC-1001,T&E,8833.4
2024-06-01,2024,6,Q2,Engineering,CC-1001,Marketing Spend,74098.31
2024-06-01,2024,6,Q2,Engineering,CC-1001,Software,64975.16
2024-06-01,2024,6,Q2,Engineering,CC-1001,Utilities,20496.33
2024-06-01,2024,6,Q2,Engineering,CC-1001,Headcount,14.91
2024-06-01,2024,6,Q2,Sales,CC-2001,Salaries,500085.98
2024-06-01,2024,6,Q2,Sales,CC-2001,OPEX,187873.41
2024-06-01,2024,6,Q2,Sales,CC-2001,Capex,63640.65
2024-06-01,2024,6,Q2,Sales,CC-2001,T&E,8581.15
2024-06-01,2024,6,Q2,Sales,CC-2001,Marketing Spend,94446.02
2024-06-01,2024,6,Q2,Sales,CC-2001,Software,32300.16
2024-06-01,2024,6,Q2,Sales,CC-2001,Utilities,8938.25
2024-06-01,2024,6,Q2,Sales,CC-2001,Headcount,60.12
2024-06-01,2024,6,Q2,Marketing,CC-3001,Salaries,499912.05
2024-06-01,2024,6,Q2,Marketing,CC-3001,OPEX,86714.22
2024-06-01,2024,6,Q2,Marketing,CC-3001,Capex,16051.05
2024-06-01,2024,6,Q2,Marketing,CC-3001,T&E,11273.52
2024-06-01,2024,6,Q2,Marketing,CC-3001,Marketing Spend,202632.6
2024-06-01,2024,6,Q2,Marketing,CC-3001,Software,33688.02
2024-06-01,2024,6,Q2,Marketing,CC-3001,Utilities,5896.44
2024-06-01,2024,6,Q2,Marketing,CC-3001,Headcount,86.84
2024-06-01,2024,6,Q2,HR,CC-4001,Salaries,533797.53
2024-06-01,2024,6,Q2,HR,CC-4001,OPEX,117119.76
2024-06-01,2024,6,Q2,HR,CC-4001,Capex,150291.76
2024-06-01,2024,6,Q2,HR,CC-4001,T&E,10530.23
2024-06-01,2024,6,Q2,HR,CC-4001,Marketing Spend,250558.42
2024-06-01,2024,6,Q2,HR,CC-4001,Software,13830.13
2024-06-01,2024,6,Q2,HR,CC-4001,Utilities,28325.94
2024-06-01,2024,6,Q2,HR,CC-4001,Headcount,200.76
2024-06-01,2024,6,Q2,Operations,CC-5001,Salaries,600814.02
2024-06-01,2024,6,Q2,Operations,CC-5001,OPEX,118031.63
2024-06-01,2024,6,Q2,Operations,CC-5001,Capex,37470.09
2024-06-01,2024,6,Q2,Operations,CC-5001,T&E,13563.81
2024-06-01,2024,6,Q2,Operations,CC-5001,Marketing Spend,317445.72
2024-06-01,2024,6,Q2,Operations,CC-5001,Software,34121.6
2024-06-01,2024,6,Q2,Operations,CC-5001,Utilities,27884.52
2024-06-01,2024,6,Q2,Operations,CC-5001,Headcount,74.0
2024-06-01,2024,6,Q2,Finance,CC-6001,Salaries,803937.97
2024-06-01,2024,6,Q2,Finance,CC-6001,OPEX,55020.85
2024-06-01,2024,6,Q2,Finance,CC-6001,Capex,145412.89
2024-06-01,2024,6,Q2,Finance,CC-6001,T&E,7004.74
2024-06-01,2024,6,Q2,Finance,CC-6001,Marketing Spend,281593.79
2024-06-01,2024,6,Q2,Finance,CC-6001,Software,32547.93
2024-06-01,2024,6,Q2,Finance,CC-6001,Utilities,12007.82
2024-06-01,2024,6,Q2,Finance,CC-6001,Headcount,107.6
2024-06-01,2024,6,Q2,IT,CC-7001,Salaries,1065782.8
2024-06-01,2024,6,Q2,IT,CC-7001,OPEX,91864.69
2024-06-01,2024,6,Q2,IT,CC-7001,Capex,31415.52
2024-06-01,2024,6,Q2,IT,CC-7001,T&E,54094.6
2024-06-01,2024,6,Q2,IT,CC-7001,Marketing Spend,67736.54
2024-06-01,2024,6,Q2,IT,CC-7001,Software,15149.07
2024-06-01,2024,6,Q2,IT,CC-7001,Utilities,17827.33
2024-06-01,2024,6,Q2,IT,CC-7001,Headcount,108.64
2024-07-01,2024,7,Q3,Engineering,CC-1001,Salaries,789022.57
2024-07-01,2024,7,Q3,Engineering,CC-1001,OPEX,206727.26
2024-07-01,2024,7,Q3,Engineering,CC-1001,Capex,19664.91
2024-07-01,2024,7,Q3,Engineering,CC-1001,T&E,8830.59
2024-07-01,2024,7,Q3,Engineering,CC-1001,Marketing Spend,104544.17
2024-07-01,2024,7,Q3,Engineering,CC-1001,Software,43730.51
2024-07-01,2024,7,Q3,Engineering,CC-1001,Utilities,11518.86
2024-07-01,2024,7,Q3,Engineering,CC-1001,Headcount,123.32
2024-07-01,2024,7,Q3,Sales,CC-2001,Salaries,401451.91
2024-07-01,2024,7,Q3,Sales,CC-2001,OPEX,63301.58
2024-07-01,2024,7,Q3,Sales,CC-2001,Capex,133727.29
2024-07-01,2024,7,Q3,Sales,CC-2001,T&E,28648.42
2024-07-01,2024,7,Q3,Sales,CC-2001,Marketing Spend,132498.37
2024-07-01,2024,7,Q3,Sales,CC-2001,Software,66990.36
2024-07-01,2024,7,Q3,Sales,CC-2001,Utilities,26283.7
2024-07-01,2024,7,Q3,Sales,CC-2001,Headcount,50.63
2024-07-01,2024,7,Q3,Marketing,CC-3001,Salaries,476736.01
2024-07-01,2024,7,Q3,Marketing,CC-3001,OPEX,115083.56
2024-07-01,2024,7,Q3,Marketing,CC-3001,Capex,197096.88
2024-07-01,2024,7,Q3,Marketing,CC-3001,T&E,34784.57
2024-07-01,2024,7,Q3,Marketing,CC-3001,Marketing Spend,105457.89
2024-07-01,2024,7,Q3,Marketing,CC-3001,Software,64279.54
2024-07-01,2024,7,Q3,Marketing,CC-3001,Utilities,21921.07
2024-07-01,2024,7,Q3,Marketing,CC-3001,Headcount,53.65
2024-07-01,2024,7,Q3,HR,CC-4001,Salaries,764757.98
2024-07-01,2024,7,Q3,HR,CC-4001,OPEX,61661.19
2024-07-01,2024,7,Q3,HR,CC-4001,Capex,98529.46
2024-07-01,2024,7,Q3,HR,CC-4001,T&E,15931.89
2024-07-01,2024,7,Q3,HR,CC-4001,Marketing Spend,209085.54
2024-07-01,2024,7,Q3,HR,CC-4001,Software,60866.71
2024-07-01,2024,7,Q3,HR,CC-4001,Utilities,20105.25
2024-07-01,2024,7,Q3,HR,CC-4001,Headcount,18.24
2024-07-01,2024,7,Q3,Operations,CC-5001,Salaries,162383.18
2024-07-01,2024,7,Q3,Operations,CC-5001,OPEX,150387.51
2024-07-01,2024,7,Q3,Operations,CC-5001,Capex,71820.99
2024-07-01,2024,7,Q3,Operations,CC-5001,T&E,26258.97
2024-07-01,2024,7,Q3,Operations,CC-5001,Marketing Spend,166574.68
2024-07-01,2024,7,Q3,Operations,CC-5001,Software,39808.47
2024-07-01,2024,7,Q3,Operations,CC-5001,Utilities,7994.44
2024-07-01,2024,7,Q3,Operations,CC-5001,Headcount,25.67
2024-07-01,2024,7,Q3,Finance,CC-6001,Salaries,691189.74
2024-07-01,2024,7,Q3,Finance,CC-6001,OPEX,100857.49
2024-07-01,2024,7,Q3,Finance,CC-6001,Capex,50525.24
2024-07-01,2024,7,Q3,Finance,CC-6001,T&E,26876.15
2024-07-01,2024,7,Q3,Finance,CC-6001,Marketing Spend,30121.95
2024-07-01,2024,7,Q3,Finance,CC-6001,Software,12894.9
2024-07-01,2024,7,Q3,Finance,CC-6001,Utilities,26817.19
2024-07-01,2024,7,Q3,Finance,CC-6001,Headcount,31.48
2024-07-01,2024,7,Q3,IT,CC-7001,Salaries,738776.8
2024-07-01,2024,7,Q3,IT,CC-7001,OPEX,72628.31
2024-07-01,2024,7,Q3,IT,CC-7001,Capex,71493.86
2024-07-01,2024,7,Q3,IT,CC-7001,T&E,8030.42
2024-07-01,2024,7,Q3,IT,CC-7001,Marketing Spend,51611.52
2024-07-01,2024,7,Q3,IT,CC-7001,Software,12074.78
2024-07-01,2024,7,Q3,IT,CC-7001,Utilities,18039.26
2024-07-01,2024,7,Q3,IT,CC-7001,Headcount,54.4
2024-08-01,2024,8,Q3,Engineering,CC-1001,Salaries,652269.85
2024-08-01,2024,8,Q3,Engineering,CC-1001,OPEX,139556.24
2024-08-01,2024,8,Q3,Engineering,CC-1001,Capex,34198.68
2024-08-01,2024,8,Q3,Engineering,CC-1001,T&E,9266.37
2024-08-01,2024,8,Q3,Engineering,CC-1001,Marketing Spend,129149.56
2024-08-01,2024,8,Q3,Engineering,CC-1001,Software,22787.16
2024-08-01,2024,8,Q3,Engineering,CC-1001,Utilities,37088.44
2024-08-01,2024,8,Q3,Engineering,CC-1001,Headcount,41.43
2024-08-01,2024,8,Q3,Sales,CC-2001,Salaries,546866.25
2024-08-01,2024,8,Q3,Sales,CC-2001,OPEX,87078.68
2024-08-01,2024,8,Q3,Sales,CC-2001,Capex,52770.48
2024-08-01,2024,8,Q3,Sales,CC-2001,T&E,23428.72
2024-08-01,2024,8,Q3,Sales,CC-2001,Marketing Spend,191503.43
2024-08-01,2024,8,Q3,Sales,CC-2001,Software,68270.6
2024-08-01,2024,8,Q3,Sales,CC-2001,Utilities,7491.77
2024-08-01,2024,8,Q3,Sales,CC-2001,Headcount,71.41
2024-08-01,2024,8,Q3,Marketing,CC-3001,Salaries,305444.96
2024-08-01,2024,8,Q3,Marketing,CC-3001,OPEX,85850.8
2024-08-01,2024,8,Q3,Marketing,CC-3001,Capex,136692.32
2024-08-01,2024,8,Q3,Marketing,CC-3001,T&E,8609.11
2024-08-01,2024,8,Q3,Marketing,CC-3001,Marketing Spend,43100.22
2024-08-01,2024,8,Q3,Marketing,CC-3001,Software,69482.79
2024-08-01,2024,8,Q3,Marketing,CC-3001,Utilities,21998.41
2024-08-01,2024,8,Q3,Marketing,CC-3001,Headcount,7.41
2024-08-01,2024,8,Q3,HR,CC-4001,Salaries,444190.22
2024-08-01,2024,8,Q3,HR,CC-4001,OPEX,125457.9
2024-08-01,2024,8,Q3,HR,CC-4001,Capex,123427.69
2024-08-01,2024,8,Q3,HR,CC-4001,T&E,4184.93
2024-08-01,2024,8,Q3,HR,CC-4001,Marketing Spend,38682.38
2024-08-01,2024,8,Q3,HR,CC-4001,Software,34271.47
2024-08-01,2024,8,Q3,HR,CC-4001,Utilities,18009.45
2024-08-01,2024,8,Q3,HR,CC-4001,Headcount,84.25
2024-08-01,2024,8,Q3,Operations,CC-5001,Salaries,689865.21
2024-08-01,2024,8,Q3,Operations,CC-5001,OPEX,57372.39
2024-08-01,2024,8,Q3,Operations,CC-5001,Capex,20867.2
2024-08-01,2024,8,Q3,Operations,CC-5001,T&E,29737.13
2024-08-01,2024,8,Q3,Operations,CC-5001,Marketing Spend,86918.96
2024-08-01,2024,8,Q3,Operations,CC-5001,Software,27847.22
2024-08-01,2024,8,Q3,Operations,CC-5001,Utilities,9383.63
2024-08-01,2024,8,Q3,Operations,CC-5001,Headcount,89.79
2024-08-01,2024,8,Q3,Finance,CC-6001,Salaries,649892.69
2024-08-01,2024,8,Q3,Finance,CC-6001,OPEX,121793.54
2024-08-01,2024,8,Q3,Finance,CC-6001,Capex,112233.65
2024-08-01,2024,8,Q3,Finance,CC-6001,T&E,31863.12
2024-08-01,2024,8,Q3,Finance,CC-6001,Marketing Spend,198331.8
2024-08-01,2024,8,Q3,Finance,CC-6001,Software,20564.46
2024-08-01,2024,8,Q3,Finance,CC-6001,Utilities,3404.65
2024-08-01,2024,8,Q3,Finance,CC-6001,Headcount,24.26
2024-08-01,2024,8,Q3,IT,CC-7001,Salaries,673620.73
2024-08-01,2024,8,Q3,IT,CC-7001,OPEX,159546.91
2024-08-01,2024,8,Q3,IT,CC-7001,Capex,116822.87
2024-08-01,2024,8,Q3,IT,CC-7001,T&E,28420.25
2024-08-01,2024,8,Q3,IT,CC-7001,Marketing Spend,121392.93
2024-08-01,2024,8,Q3,IT,CC-7001,Software,22327.98
2024-08-01,2024,8,Q3,IT,CC-7001,Utilities,13851.92
2024-08-01,2024,8,Q3,IT,CC-7001,Headcount,84.12
2024-09-01,2024,9,Q3,Engineering,CC-1001,Salaries,581122.67
2024-09-01,2024,9,Q3,Engineering,CC-1001,OPEX,117050.15
2024-09-01,2024,9,Q3,Engineering,CC-1001,Capex,33239.37
2024-09-01,2024,9,Q3,Engineering,CC-1001,T&E,6621.41
2024-09-01,2024,9,Q3,Engineering,CC-1001,Marketing Spend,176905.24
2024-09-01,2024,9,Q3,Engineering,CC-1001,Software,35817.45
2024-09-01,2024,9,Q3,Engineering,CC-1001,Utilities,24272.12
2024-09-01,2024,9,Q3,Engineering,CC-1001,Headcount,18.81
2024-09-01,2024,9,Q3,Sales,CC-2001,Salaries,454385.77
2024-09-01,2024,9,Q3,Sales,CC-2001,OPEX,61674.34
2024-09-01,2024,9,Q3,Sales,CC-2001,Capex,213641.8
2024-09-01,2024,9,Q3,Sales,CC-2001,T&E,22925.85
2024-09-01,2024,9,Q3,Sales,CC-2001,Marketing Spend,227858.25
2024-09-01,2024,9,Q3,Sales,CC-2001,Software,23474.0
2024-09-01,2024,9,Q3,Sales,CC-2001,Utilities,17280.93
2024-09-01,2024,9,Q3,Sales,CC-2001,Headcount,38.27
2024-09-01,2024,9,Q3,Marketing,CC-3001,Salaries,1062374.72
2024-09-01,2024,9,Q3,Marketing,CC-3001,OPEX,48312.15
2024-09-01,2024,9,Q3,Marketing,CC-3001,Capex,183421.47
2024-09-01,2024,9,Q3,Marketing,CC-3001,T&E,5704.36
2024-09-01,2024,9,Q3,Marketing,CC-3001,Marketing Spend,148754.04
2024-09-01,2024,9,Q3,Marketing,CC-3001,Software,54366.57
2024-09-01,2024,9,Q3,Marketing,CC-3001,Utilities,34848.22
2024-09-01,2024,9,Q3,Marketing,CC-3001,Headcount,48.92
2024-09-01,2024,9,Q3,HR,CC-4001,Salaries,522457.75
2024-09-01,2024,9,Q3,HR,CC-4001,OPEX,52767.69
2024-09-01,2024,9,Q3,HR,CC-4001,Capex,20483.7
2024-09-01,2024,9,Q3,HR,CC-4001,T&E,10697.48
2024-09-01,2024,9,Q3,HR,CC-4001,Marketing Spend,282992.53
2024-09-01,2024,9,Q3,HR,CC-4001,Software,55731.69
2024-09-01,2024,9,Q3,HR,CC-4001,Utilities,18825.16
2024-09-01,2024,9,Q3,HR,CC-4001,Headcount,99.37
2024-09-01,2024,9,Q3,Operations,CC-5001,Salaries,386048.32
2024-09-01,2024,9,Q3,Operations,CC-5001,OPEX,106678.81
2024-09-01,2024,9,Q3,Operations,CC-5001,Capex,66749.59
2024-09-01,2024,9,Q3,Operations,CC-5001,T&E,31893.11
2024-09-01,2024,9,Q3,Operations,CC-5001,Marketing Spend,91033.53
2024-09-01,2024,9,Q3,Operations,CC-5001,Software,48798.83
2024-09-01,2024,9,Q3,Operations,CC-5001,Utilities,13855.25
2024-09-01,2024,9,Q3,Operations,CC-5001,Headcount,73.33
2024-09-01,2024,9,Q3,Finance,CC-6001,Salaries,636476.14
2024-09-01,2024,9,Q3,Finance,CC-6001,OPEX,57720.68
2024-09-01,2024,9,Q3,Finance,CC-6001,Capex,101047.94
2024-09-01,2024,9,Q3,Finance,CC-6001,T&E,9872.53
2024-09-01,2024,9,Q3,Finance,CC-6001,Marketing Spend,222731.17
2024-09-01,2024,9,Q3,Finance,CC-6001,Software,46841.76
2024-09-01,2024,9,Q3,Finance,CC-6001,Utilities,10149.29
2024-09-01,2024,9,Q3,Finance,CC-6001,Headcount,58.04
2024-09-01,2024,9,Q3,IT,CC-7001,Salaries,585911.74
2024-09-01,2024,9,Q3,IT,CC-7001,OPEX,81186.6
2024-09-01,2024,9,Q3,IT,CC-7001,Capex,75123.71
2024-09-01,2024,9,Q3,IT,CC-7001,T&E,26791.17
2024-09-01,2024,9,Q3,IT,CC-7001,Marketing Spend,99765.52
2024-09-01,2024,9,Q3,IT,CC-7001,Software,73766.95
2024-09-01,2024,9,Q3,IT,CC-7001,Utilities,11877.89
2024-09-01,2024,9,Q3,IT,CC-7001,Headcount,32.03
2024-10-01,2024,10,Q4,Engineering,CC-1001,Salaries,737582.81
2024-10-01,2024,10,Q4,Engineering,CC-1001,OPEX,98629.62
2024-10-01,2024,10,Q4,Engineering,CC-1001,Capex,139156.02
2024-10-01,2024,10,Q4,Engineering,CC-1001,T&E,7074.37
2024-10-01,2024,10,Q4,Engineering,CC-1001,Marketing Spend,70973.03
2024-10-01,2024,10,Q4,Engineering,CC-1001,Software,5130.17
2024-10-01,2024,10,Q4,Engineering,CC-1001,Utilities,6999.48
2024-10-01,2024,10,Q4,Engineering,CC-1001,Headcount,78.21
2024-10-01,2024,10,Q4,Sales,CC-2001,Salaries,277107.97
2024-10-01,2024,10,Q4,Sales,CC-2001,OPEX,126744.77
2024-10-01,2024,10,Q4,Sales,CC-2001,Capex,52022.79
2024-10-01,2024,10,Q4,Sales,CC-2001,T&E,11196.93
2024-10-01,2024,10,Q4,Sales,CC-2001,Marketing Spend,79655.58
2024-10-01,2024,10,Q4,Sales,CC-2001,Software,16598.65
2024-10-01,2024,10,Q4,Sales,CC-2001,Utilities,12667.63
2024-10-01,2024,10,Q4,Sales,CC-2001,Headcount,168.14
2024-10-01,2024,10,Q4,Marketing,CC-3001,Salaries,514385.49
2024-10-01,2024,10,Q4,Marketing,CC-3001,OPEX,169259.82
2024-10-01,2024,10,Q4,Marketing,CC-3001,Capex,108457.05
2024-10-01,2024,10,Q4,Marketing,CC-3001,T&E,17246.03
2024-10-01,2024,10,Q4,Marketing,CC-3001,Marketing Spend,69090.61
2024-10-01,2024,10,Q4,Marketing,CC-3001,Software,7672.02
2024-10-01,2024,10,Q4,Marketing,CC-3001,Utilities,28588.81
2024-10-01,2024,10,Q4,Marketing,CC-3001,Headcount,34.28
2024-10-01,2024,10,Q4,HR,CC-4001,Salaries,610157.3
2024-10-01,2024,10,Q4,HR,CC-4001,OPEX,61125.9
2024-10-01,2024,10,Q4,HR,CC-4001,Capex,80910.31
2024-10-01,2024,10,Q4,HR,CC-4001,T&E,18007.95
2024-10-01,2024,10,Q4,HR,CC-4001,Marketing Spend,236632.11
2024-10-01,2024,10,Q4,HR,CC-4001,Software,55418.94
2024-10-01,2024,10,Q4,HR,CC-4001,Utilities,16178.66
2024-10-01,2024,10,Q4,HR,CC-4001,Headcount,20.98
2024-10-01,2024,10,Q4,Operations,CC-5001,Salaries,524099.55
2024-10-01,2024,10,Q4,Operations,CC-5001,OPEX,161103.73
2024-10-01,2024,10,Q4,Operations,CC-5001,Capex,49431.26
2024-10-01,2024,10,Q4,Operations,CC-5001,T&E,33672.81
2024-10-01,2024,10,Q4,Operations,CC-5001,Marketing Spend,100834.48
2024-10-01,2024,10,Q4,Operations,CC-5001,Software,17710.84
2024-10-01,2024,10,Q4,Operations,CC-5001,Utilities,24262.58
2024-10-01,2024,10,Q4,Operations,CC-5001,Headcount,21.02
2024-10-01,2024,10,Q4,Finance,CC-6001,Salaries,771641.1
2024-10-01,2024,10,Q4,Finance,CC-6001,OPEX,53934.32
2024-10-01,2024,10,Q4,Finance,CC-6001,Capex,134583.44
2024-10-01,2024,10,Q4,Finance,CC-6001,T&E,30391.82
2024-10-01,2024,10,Q4,Finance,CC-6001,Marketing Spend,151285.31
2024-10-01,2024,10,Q4,Finance,CC-6001,Software,48322.95
2024-10-01,2024,10,Q4,Finance,CC-6001,Utilities,13956.98
2024-10-01,2024,10,Q4,Finance,CC-6001,Headcount,49.54
2024-10-01,2024,10,Q4,IT,CC-7001,Salaries,476421.21
2024-10-01,2024,10,Q4,IT,CC-7001,OPEX,168652.01
2024-10-01,2024,10,Q4,IT,CC-7001,Capex,54814.38
2024-10-01,2024,10,Q4,IT,CC-7001,T&E,5871.2
2024-10-01,2024,10,Q4,IT,CC-7001,Marketing Spend,109828.18
2024-10-01,2024,10,Q4,IT,CC-7001,Software,54053.14
2024-10-01,2024,10,Q4,IT,CC-7001,Utilities,15407.48
2024-10-01,2024,10,Q4,IT,CC-7001,Headcount,50.87
2024-11-01,2024,11,Q4,Engineering,CC-1001,Salaries,421457.02
2024-11-01,2024,11,Q4,Engineering,CC-1001,OPEX,197823.43
2024-11-01,2024,11,Q4,Engineering,CC-1001,Capex,126974.07
2024-11-01,2024,11,Q4,Engineering,CC-1001,T&E,24060.12
2024-11-01,2024,11,Q4,Engineering,CC-1001,Marketing Spend,219445.73
2024-11-01,2024,11,Q4,Engineering,CC-1001,Software,48556.76
2024-11-01,2024,11,Q4,Engineering,CC-1001,Utilities,16654.84
2024-11-01,2024,11,Q4,Engineering,CC-1001,Headcount,91.17
2024-11-01,2024,11,Q4,Sales,CC-2001,Salaries,507905.13
2024-11-01,2024,11,Q4,Sales,CC-2001,OPEX,134115.15
2024-11-01,2024,11,Q4,Sales,CC-2001,Capex,114477.18
2024-11-01,2024,11,Q4,Sales,CC-2001,T&E,26277.08
2024-11-01,2024,11,Q4,Sales,CC-2001,Marketing Spend,50113.75
2024-11-01,2024,11,Q4,Sales,CC-2001,Software,19397.91
2024-11-01,2024,11,Q4,Sales,CC-2001,Utilities,8281.46
2024-11-01,2024,11,Q4,Sales,CC-2001,Headcount,83.44
2024-11-01,2024,11,Q4,Marketing,CC-3001,Salaries,706668.36
2024-11-01,2024,11,Q4,Marketing,CC-3001,OPEX,142870.23
2024-11-01,2024,11,Q4,Marketing,CC-3001,Capex,69687.53
2024-11-01,2024,11,Q4,Marketing,CC-3001,T&E,37838.06
2024-11-01,2024,11,Q4,Marketing,CC-3001,Marketing Spend,201118.85
2024-11-01,2024,11,Q4,Marketing,CC-3001,Software,23889.99
2024-11-01,2024,11,Q4,Marketing,CC-3001,Utilities,23547.54
2024-11-01,2024,11,Q4,Marketing,CC-3001,Headcount,39.94
2024-11-01,2024,11,Q4,HR,CC-4001,Salaries,687627.78
2024-11-01,2024,11,Q4,HR,CC-4001,OPEX,166237.3
2024-11-01,2024,11,Q4,HR,CC-4001,Capex,36617.39
2024-11-01,2024,11,Q4,HR,CC-4001,T&E,6463.23
2024-11-01,2024,11,Q4,HR,CC-4001,Marketing Spend,191262.36
2024-11-01,2024,11,Q4,HR,CC-4001,Software,57363.4
2024-11-01,2024,11,Q4,HR,CC-4001,Utilities,13665.83
2024-11-01,2024,11,Q4,HR,CC-4001,Headcount,55.34
2024-11-01,2024,11,Q4,Operations,CC-5001,Salaries,589916.08
2024-11-01,2024,11,Q4,Operations,CC-5001,OPEX,96242.46
2024-11-01,2024,11,Q4,Operations,CC-5001,Capex,57820.89
2024-11-01,2024,11,Q4,Operations,CC-5001,T&E,32792.03
2024-11-01,2024,11,Q4,Operations,CC-5001,Marketing Spend,68563.79
2024-11-01,2024,11,Q4,Operations,CC-5001,Software,17150.69
2024-11-01,2024,11,Q4,Operations,CC-5001,Utilities,19255.98
2024-11-01,2024,11,Q4,Operations,CC-5001,Headcount,45.38
2024-11-01,2024,11,Q4,Finance,CC-6001,Salaries,868455.22
2024-11-01,2024,11,Q4,Finance,CC-6001,OPEX,46697.52
2024-11-01,2024,11,Q4,Finance,CC-6001,Capex,66710.29
2024-11-01,2024,11,Q4,Finance,CC-6001,T&E,4654.83
2024-11-01,2024,11,Q4,Finance,CC-6001,Marketing Spend,102937.67
2024-11-01,2024,11,Q4,Finance,CC-6001,Software,72891.91
2024-11-01,2024,11,Q4,Finance,CC-6001,Utilities,21228.98
2024-11-01,2024,11,Q4,Finance,CC-6001,Headcount,29.49
2024-11-01,2024,11,Q4,IT,CC-7001,Salaries,653010.6
2024-11-01,2024,11,Q4,IT,CC-7001,OPEX,76047.7
2024-11-01,2024,11,Q4,IT,CC-7001,Capex,12386.21
2024-11-01,2024,11,Q4,IT,CC-7001,T&E,12964.7
2024-11-01,2024,11,Q4,IT,CC-7001,Marketing Spend,229095.63
2024-11-01,2024,11,Q4,IT,CC-7001,Software,63977.71
2024-11-01,2024,11,Q4,IT,CC-7001,Utilities,9830.68
2024-11-01,2024,11,Q4,IT,CC-7001,Headcount,25.49
2024-12-01,2024,12,Q4,Engineering,CC-1001,Salaries,593719.74
2024-12-01,2024,12,Q4,Engineering,CC-1001,OPEX,32810.84
2024-12-01,2024,12,Q4,Engineering,CC-1001,Capex,48739.64
2024-12-01,2024,12,Q4,Engineering,CC-1001,T&E,15559.87
2024-12-01,2024,12,Q4,Engineering,CC-1001,Marketing Spend,249099.71
2024-12-01,2024,12,Q4,Engineering,CC-1001,Software,16409.93
2024-12-01,2024,12,Q4,Engineering,CC-1001,Utilities,22464.9
2024-12-01,2024,12,Q4,Engineering,CC-1001,Headcount,77.73
2024-12-01,2024,12,Q4,Sales,CC-2001,Salaries,460070.06
2024-12-01,2024,12,Q4,Sales,CC-2001,OPEX,78428.44
2024-12-01,2024,12,Q4,Sales,CC-2001,Capex,11455.09
2024-12-01,2024,12,Q4,Sales,CC-2001,T&E,13180.78
2024-12-01,2024,12,Q4,Sales,CC-2001,Marketing Spend,41789.3
2024-12-01,2024,12,Q4,Sales,CC-2001,Software,60295.85
2024-12-01,2024,12,Q4,Sales,CC-2001,Utilities,18973.25
2024-12-01,2024,12,Q4,Sales,CC-2001,Headcount,60.42
2024-12-01,2024,12,Q4,Marketing,CC-3001,Salaries,458390.22
2024-12-01,2024,12,Q4,Marketing,CC-3001,OPEX,166994.49
2024-12-01,2024,12,Q4,Marketing,CC-3001,Capex,58686.2
2024-12-01,2024,12,Q4,Marketing,CC-3001,T&E,16447.96
2024-12-01,2024,12,Q4,Marketing,CC-3001,Marketing Spend,115688.46
2024-12-01,2024,12,Q4,Marketing,CC-3001,Software,18768.57
2024-12-01,2024,12,Q4,Marketing,CC-3001,Utilities,28200.25
2024-12-01,2024,12,Q4,Marketing,CC-3001,Headcount,14.38
2024-12-01,2024,12,Q4,HR,CC-4001,Salaries,739112.4
2024-12-01,2024,12,Q4,HR,CC-4001,OPEX,146339.91
2024-12-01,2024,12,Q4,HR,CC-4001,Capex,89038.74
2024-12-01,2024,12,Q4,HR,CC-4001,T&E,12562.35
2024-12-01,2024,12,Q4,HR,CC-4001,Marketing Spend,229088.5
2024-12-01,2024,12,Q4,HR,CC-4001,Software,65016.55
2024-12-01,2024,12,Q4,HR,CC-4001,Utilities,15754.5
2024-12-01,2024,12,Q4,HR,CC-4001,Headcount,13.18
2024-12-01,2024,12,Q4,Operations,CC-5001,Salaries,624402.64
2024-12-01,2024,12,Q4,Operations,CC-5001,OPEX,136262.39
2024-12-01,2024,12,Q4,Operations,CC-5001,Capex,118741.95
2024-12-01,2024,12,Q4,Operations,CC-5001,T&E,28859.78
2024-12-01,2024,12,Q4,Operations,CC-5001,Marketing Spend,90731.75
2024-12-01,2024,12,Q4,Operations,CC-5001,Software,61108.55
2024-12-01,2024,12,Q4,Operations,CC-5001,Utilities,25554.35
2024-12-01,2024,12,Q4,Operations,CC-5001,Headcount,89.88
2024-12-01,2024,12,Q4,Finance,CC-6001,Salaries,530234.63
2024-12-01,2024,12,Q4,Finance,CC-6001,OPEX,116478.61
2024-12-01,2024,12,Q4,Finance,CC-6001,Capex,24427.92
2024-12-01,2024,12,Q4,Finance,CC-6001,T&E,41347.65
2024-12-01,2024,12,Q4,Finance,CC-6001,Marketing Spend,289968.94
2024-12-01,2024,12,Q4,Finance,CC-6001,Software,51218.71
2024-12-01,2024,12,Q4,Finance,CC-6001,Utilities,5596.03
2024-12-01,2024,12,Q4,Finance,CC-6001,Headcount,12.47
2024-12-01,2024,12,Q4,IT,CC-7001,Salaries,477413.75
2024-12-01,2024,12,Q4,IT,CC-7001,OPEX,25809.83
2024-12-01,2024,12,Q4,IT,CC-7001,Capex,126825.77
2024-12-01,2024,12,Q4,IT,CC-7001,T&E,37106.93
2024-12-01,2024,12,Q4,IT,CC-7001,Marketing Spend,405830.68
2024-12-01,2024,12,Q4,IT,CC-7001,Software,81616.71
2024-12-01,2024,12,Q4,IT,CC-7001,Utilities,36265.68
2024-12-01,2024,12,Q4,IT,CC-7001,Headcount,108.65
2025-01-01,2025,1,Q1,Engineering,CC-1001,Salaries,1048199.39
2025-01-01,2025,1,Q1,Engineering,CC-1001,OPEX,51281.78
2025-01-01,2025,1,Q1,Engineering,CC-1001,Capex,140725.96
2025-01-01,2025,1,Q1,Engineering,CC-1001,T&E,30591.88
2025-01-01,2025,1,Q1,Engineering,CC-1001,Marketing Spend,239769.06
2025-01-01,2025,1,Q1,Engineering,CC-1001,Software,39481.96
2025-01-01,2025,1,Q1,Engineering,CC-1001,Utilities,24016.17
2025-01-01,2025,1,Q1,Engineering,CC-1001,Headcount,24.3
2025-01-01,2025,1,Q1,Sales,CC-2001,Salaries,887997.67
2025-01-01,2025,1,Q1,Sales,CC-2001,OPEX,176351.08
2025-01-01,2025,1,Q1,Sales,CC-2001,Capex,79996.61
2025-01-01,2025,1,Q1,Sales,CC-2001,T&E,31169.29
2025-01-01,2025,1,Q1,Sales,CC-2001,Marketing Spend,125008.35
2025-01-01,2025,1,Q1,Sales,CC-2001,Software,16331.21
2025-01-01,2025,1,Q1,Sales,CC-2001,Utilities,8933.13
2025-01-01,2025,1,Q1,Sales,CC-2001,Headcount,56.25
2025-01-01,2025,1,Q1,Marketing,CC-3001,Salaries,658561.35
2025-01-01,2025,1,Q1,Marketing,CC-3001,OPEX,144679.08
2025-01-01,2025,1,Q1,Marketing,CC-3001,Capex,44867.37
2025-01-01,2025,1,Q1,Marketing,CC-3001,T&E,38837.82
2025-01-01,2025,1,Q1,Marketing,CC-3001,Marketing Spend,311075.41
2025-01-01,2025,1,Q1,Marketing,CC-3001,Software,60291.54
2025-01-01,2025,1,Q1,Marketing,CC-3001,Utilities,24838.22
2025-01-01,2025,1,Q1,Marketing,CC-3001,Headcount,92.7
2025-01-01,2025,1,Q1,HR,CC-4001,Salaries,675559.09
2025-01-01,2025,1,Q1,HR,CC-4001,OPEX,125947.38
2025-01-01,2025,1,Q1,HR,CC-4001,Capex,111227.24
2025-01-01,2025,1,Q1,HR,CC-4001,T&E,11190.76
2025-01-01,2025,1,Q1,HR,CC-4001,Marketing Spend,124531.63
2025-01-01,2025,1,Q1,HR,CC-4001,Software,72418.91
2025-01-01,2025,1,Q1,HR,CC-4001,Utilities,5459.58
2025-01-01,2025,1,Q1,HR,CC-4001,Headcount,117.94
2025-01-01,2025,1,Q1,Operations,CC-5001,Salaries,601108.86
2025-01-01,2025,1,Q1,Operations,CC-5001,OPEX,212533.43
2025-01-01,2025,1,Q1,Operations,CC-5001,Capex,34375.54
2025-01-01,2025,1,Q1,Operations,CC-5001,T&E,31498.72
2025-01-01,2025,1,Q1,Operations,CC-5001,Marketing Spend,192386.45
2025-01-01,2025,1,Q1,Operations,CC-5001,Software,25793.22
2025-01-01,2025,1,Q1,Operations,CC-5001,Utilities,12572.3
2025-01-01,2025,1,Q1,Operations,CC-5001,Headcount,36.63
2025-01-01,2025,1,Q1,Finance,CC-6001,Salaries,644894.24
2025-01-01,2025,1,Q1,Finance,CC-6001,OPEX,108558.98
2025-01-01,2025,1,Q1,Finance,CC-6001,Capex,125471.54
2025-01-01,2025,1,Q1,Finance,CC-6001,T&E,10059.23
2025-01-01,2025,1,Q1,Finance,CC-6001,Marketing Spend,56618.01
2025-01-01,2025,1,Q1,Finance,CC-6001,Software,66714.18
2025-01-01,2025,1,Q1,Finance,CC-6001,Utilities,16384.47
2025-01-01,2025,1,Q1,Finance,CC-6001,Headcount,82.46
2025-01-01,2025,1,Q1,IT,CC-7001,Salaries,709199.25
2025-01-01,2025,1,Q1,IT,CC-7001,OPEX,69536.7
2025-01-01,2025,1,Q1,IT,CC-7001,Capex,125202.23
2025-01-01,2025,1,Q1,IT,CC-7001,T&E,9350.26
2025-01-01,2025,1,Q1,IT,CC-7001,Marketing Spend,278030.0
2025-01-01,2025,1,Q1,IT,CC-7001,Software,67264.56
2025-01-01,2025,1,Q1,IT,CC-7001,Utilities,8077.32
2025-01-01,2025,1,Q1,IT,CC-7001,Headcount,113.72
2025-02-01,2025,2,Q1,Engineering,CC-1001,Salaries,594308.3
2025-02-01,2025,2,Q1,Engineering,CC-1001,OPEX,67552.56
2025-02-01,2025,2,Q1,Engineering,CC-1001,Capex,61388.84
2025-02-01,2025,2,Q1,Engineering,CC-1001,T&E,44291.72
2025-02-01,2025,2,Q1,Engineering,CC-1001,Marketing Spend,49702.33
2025-02-01,2025,2,Q1,Engineering,CC-1001,Software,72029.83
2025-02-01,2025,2,Q1,Engineering,CC-1001,Utilities,28930.51
2025-02-01,2025,2,Q1,Engineering,CC-1001,Headcount,117.52
2025-02-01,2025,2,Q1,Sales,CC-2001,Salaries,620859.39
2025-02-01,2025,2,Q1,Sales,CC-2001,OPEX,178901.6
2025-02-01,2025,2,Q1,Sales,CC-2001,Capex,59170.21
2025-02-01,2025,2,Q1,Sales,CC-2001,T&E,15362.7
2025-02-01,2025,2,Q1,Sales,CC-2001,Marketing Spend,116424.13
2025-02-01,2025,2,Q1,Sales,CC-2001,Software,38713.02
2025-02-01,2025,2,Q1,Sales,CC-2001,Utilities,16970.53
2025-02-01,2025,2,Q1,Sales,CC-2001,Headcount,57.14
2025-02-01,2025,2,Q1,Marketing,CC-3001,Salaries,821285.92
2025-02-01,2025,2,Q1,Marketing,CC-3001,OPEX,70940.49
2025-02-01,2025,2,Q1,Marketing,CC-3001,Capex,149929.04
2025-02-01,2025,2,Q1,Marketing,CC-3001,T&E,9120.03
2025-02-01,2025,2,Q1,Marketing,CC-3001,Marketing Spend,49954.01
2025-02-01,2025,2,Q1,Marketing,CC-3001,Software,43319.48
2025-02-01,2025,2,Q1,Marketing,CC-3001,Utilities,12213.23
2025-02-01,2025,2,Q1,Marketing,CC-3001,Headcount,121.05
2025-02-01,2025,2,Q1,HR,CC-4001,Salaries,794099.8
2025-02-01,2025,2,Q1,HR,CC-4001,OPEX,166155.39
2025-02-01,2025,2,Q1,HR,CC-4001,Capex,163279.66
2025-02-01,2025,2,Q1,HR,CC-4001,T&E,11554.68
2025-02-01,2025,2,Q1,HR,CC-4001,Marketing Spend,311416.81
2025-02-01,2025,2,Q1,HR,CC-4001,Software,74815.59
2025-02-01,2025,2,Q1,HR,CC-4001,Utilities,10214.59
2025-02-01,2025,2,Q1,HR,CC-4001,Headcount,73.38
2025-02-01,2025,2,Q1,Operations,CC-5001,Salaries,990269.28
2025-02-01,2025,2,Q1,Operations,CC-5001,OPEX,146710.65
2025-02-01,2025,2,Q1,Operations,CC-5001,Capex,63632.76
2025-02-01,2025,2,Q1,Operations,CC-5001,T&E,26057.86
2025-02-01,2025,2,Q1,Operations,CC-5001,Marketing Spend,60799.76
2025-02-01,2025,2,Q1,Operations,CC-5001,Software,41652.8
2025-02-01,2025,2,Q1,Operations,CC-5001,Utilities,6037.26
2025-02-01,2025,2,Q1,Operations,CC-5001,Headcount,95.89
2025-02-01,2025,2,Q1,Finance,CC-6001,Salaries,690027.05
2025-02-01,2025,2,Q1,Finance,CC-6001,OPEX,117872.78
2025-02-01,2025,2,Q1,Finance,CC-6001,Capex,56997.27
2025-02-01,2025,2,Q1,Finance,CC-6001,T&E,28589.8
2025-02-01,2025,2,Q1,Finance,CC-6001,Marketing Spend,352636.23
2025-02-01,2025,2,Q1,Finance,CC-6001,Software,32988.92
2025-02-01,2025,2,Q1,Finance,CC-6001,Utilities,25295.4
2025-02-01,2025,2,Q1,Finance,CC-6001,Headcount,65.83
2025-02-01,2025,2,Q1,IT,CC-7001,Salaries,686840.94
2025-02-01,2025,2,Q1,IT,CC-7001,OPEX,196303.94
2025-02-01,2025,2,Q1,IT,CC-7001,Capex,28240.22
2025-02-01,2025,2,Q1,IT,CC-7001,T&E,9544.89
2025-02-01,2025,2,Q1,IT,CC-7001,Marketing Spend,201338.2
2025-02-01,2025,2,Q1,IT,CC-7001,Software,37224.82
2025-02-01,2025,2,Q1,IT,CC-7001,Utilities,19978.09
2025-02-01,2025,2,Q1,IT,CC-7001,Headcount,78.99
2025-03-01,2025,3,Q1,Engineering,CC-1001,Salaries,760499.24
2025-03-01,2025,3,Q1,Engineering,CC-1001,OPEX,57238.65
2025-03-01,2025,3,Q1,Engineering,CC-1001,Capex,26509.36
2025-03-01,2025,3,Q1,Engineering,CC-1001,T&E,10202.89
2025-03-01,2025,3,Q1,Engineering,CC-1001,Marketing Spend,215455.28
2025-03-01,2025,3,Q1,Engineering,CC-1001,Software,83471.59
2025-03-01,2025,3,Q1,Engineering,CC-1001,Utilities,27815.35
2025-03-01,2025,3,Q1,Engineering,CC-1001,Headcount,37.71
2025-03-01,2025,3,Q1,Sales,CC-2001,Salaries,1554897.15
2025-03-01,2025,3,Q1,Sales,CC-2001,OPEX,66105.79
2025-03-01,2025,3,Q1,Sales,CC-2001,Capex,22934.44
2025-03-01,2025,3,Q1,Sales,CC-2001,T&E,67903.07
2025-03-01,2025,3,Q1,Sales,CC-2001,Marketing Spend,253469.25
2025-03-01,2025,3,Q1,Sales,CC-2001,Software,57404.13
2025-03-01,2025,3,Q1,Sales,CC-2001,Utilities,8188.94
2025-03-01,2025,3,Q1,Sales,CC-2001,Headcount,102.59
2025-03-01,2025,3,Q1,Marketing,CC-3001,Salaries,514615.94
2025-03-01,2025,3,Q1,Marketing,CC-3001,OPEX,161837.25
2025-03-01,2025,3,Q1,Marketing,CC-3001,Capex,111790.78
2025-03-01,2025,3,Q1,Marketing,CC-3001,T&E,4982.83
2025-03-01,2025,3,Q1,Marketing,CC-3001,Marketing Spend,89609.35
2025-03-01,2025,3,Q1,Marketing,CC-3001,Software,13766.14
2025-03-01,2025,3,Q1,Marketing,CC-3001,Utilities,16804.99
2025-03-01,2025,3,Q1,Marketing,CC-3001,Headcount,60.61
2025-03-01,2025,3,Q1,HR,CC-4001,Salaries,676388.23
2025-03-01,2025,3,Q1,HR,CC-4001,OPEX,145957.83
2025-03-01,2025,3,Q1,HR,CC-4001,Capex,52243.59
2025-03-01,2025,3,Q1,HR,CC-4001,T&E,13535.85
2025-03-01,2025,3,Q1,HR,CC-4001,Marketing Spend,465706.83
2025-03-01,2025,3,Q1,HR,CC-4001,Software,36500.42
2025-03-01,2025,3,Q1,HR,CC-4001,Utilities,25890.07
2025-03-01,2025,3,Q1,HR,CC-4001,Headcount,15.34
2025-03-01,2025,3,Q1,Operations,CC-5001,Salaries,827476.07
2025-03-01,2025,3,Q1,Operations,CC-5001,OPEX,167418.63
2025-03-01,2025,3,Q1,Operations,CC-5001,Capex,101048.88
2025-03-01,2025,3,Q1,Operations,CC-5001,T&E,11137.93
2025-03-01,2025,3,Q1,Operations,CC-5001,Marketing Spend,115554.46
2025-03-01,2025,3,Q1,Operations,CC-5001,Software,74759.62
2025-03-01,2025,3,Q1,Operations,CC-5001,Utilities,21509.96
2025-03-01,2025,3,Q1,Operations,CC-5001,Headcount,189.38
2025-03-01,2025,3,Q1,Finance,CC-6001,Salaries,797062.58
2025-03-01,2025,3,Q1,Finance,CC-6001,OPEX,171700.91
2025-03-01,2025,3,Q1,Finance,CC-6001,Capex,32584.81
2025-03-01,2025,3,Q1,Finance,CC-6001,T&E,16881.77
2025-03-01,2025,3,Q1,Finance,CC-6001,Marketing Spend,287687.16
2025-03-01,2025,3,Q1,Finance,CC-6001,Software,75751.65
2025-03-01,2025,3,Q1,Finance,CC-6001,Utilities,17027.75
2025-03-01,2025,3,Q1,Finance,CC-6001,Headcount,64.58
2025-03-01,2025,3,Q1,IT,CC-7001,Salaries,930235.3
2025-03-01,2025,3,Q1,IT,CC-7001,OPEX,199149.91
2025-03-01,2025,3,Q1,IT,CC-7001,Capex,131751.49
2025-03-01,2025,3,Q1,IT,CC-7001,T&E,13525.53
2025-03-01,2025,3,Q1,IT,CC-7001,Marketing Spend,58706.51
2025-03-01,2025,3,Q1,IT,CC-7001,Software,57953.32
2025-03-01,2025,3,Q1,IT,CC-7001,Utilities,35788.16
2025-03-01,2025,3,Q1,IT,CC-7001,Headcount,27.61
