date,year,month,quarter,department,cost_center,category,budget
2023-01-01,2023,1,Q1,Engineering,CC-1001,Salaries,759859.73
2023-02-01,2023,2,Q1,Engineering,CC-1001,Salaries,829722.79
2023-03-01,2023,3,Q1,Engineering,CC-1001,Salaries,664052.76
2023-04-01,2023,4,Q2,Engineering,CC-1001,Salaries,1065355.04
2023-05-01,2023,5,Q2,Engineering,CC-1001,Salaries,576288.88
2023-06-01,2023,6,Q2,Engineering,CC-1001,Salaries,486996.05
2023-07-01,2023,7,Q3,Engineering,CC-1001,Salaries,707040.54
2023-08-01,2023,8,Q3,Engineering,CC-1001,Salaries,547980.76
2023-09-01,2023,9,Q3,Engineering,CC-1001,Salaries,545491.24
2023-10-01,2023,10,Q4,Engineering,CC-1001,Salaries,854247.15
2023-11-01,2023,11,Q4,Engineering,CC-1001,Salaries,363691.57
2023-12-01,2023,12,Q4,Engineering,CC-1001,Salaries,760918.43
2024-01-01,2024,1,Q1,Engineering,CC-1001,Salaries,187420.61
2024-02-01,2024,2,Q1,Engineering,CC-1001,Salaries,602648.85
2024-03-01,2024,3,Q1,Engineering,CC-1001,Salaries,612911.56
2024-04-01,2024,4,Q2,Engineering,CC-1001,Salaries,528430.44
2024-05-01,2024,5,Q2,Engineering,CC-1001,Salaries,733735.69
2024-06-01,2024,6,Q2,Engineering,CC-1001,Salaries,616290.35
2024-07-01,2024,7,Q3,Engineering,CC-1001,Salaries,722915.38
2024-08-01,2024,8,Q3,Engineering,CC-1001,Salaries,743067.48
2024-09-01,2024,9,Q3,Engineering,CC-1001,Salaries,540806.44
2024-10-01,2024,10,Q4,Engineering,CC-1001,Salaries,805356.39
2024-11-01,2024,11,Q4,Engineering,CC-1001,Salaries,388160.36
2024-12-01,2024,12,Q4,Engineering,CC-1001,Salaries,555752.7
2025-01-01,2025,1,Q1,Engineering,CC-1001,Salaries,1086469.98
2025-02-01,2025,2,Q1,Engineering,CC-1001,Salaries,545842.1
2025-03-01,2025,3,Q1,Engineering,CC-1001,Salaries,716722.64
2023-01-01,2023,1,Q1,Engineering,CC-1001,OPEX,90070.3
2023-02-01,2023,2,Q1,Engineering,CC-1001,OPEX,115639.11
2023-03-01,2023,3,Q1,Engineering,CC-1001,OPEX,157166.55
2023-04-01,2023,4,Q2,Engineering,CC-1001,OPEX,191927.97
2023-05-01,2023,5,Q2,Engineering,CC-1001,OPEX,74832.61
2023-06-01,2023,6,Q2,Engineering,CC-1001,OPEX,100372.2
2023-07-01,2023,7,Q3,Engineering,CC-1001,OPEX,122272.24
2023-08-01,2023,8,Q3,Engineering,CC-1001,OPEX,143600.42
2023-09-01,2023,9,Q3,Engineering,CC-1001,OPEX,54412.94
2023-10-01,2023,10,Q4,Engineering,CC-1001,OPEX,137962.04
2023-11-01,2023,11,Q4,Engineering,CC-1001,OPEX,116447.55
2023-12-01,2023,12,Q4,Engineering,CC-1001,OPEX,144995.96
2024-01-01,2024,1,Q1,Engineering,CC-1001,OPEX,159006.85
2024-02-01,2024,2,Q1,Engineering,CC-1001,OPEX,128856.25
2024-03-01,2024,3,Q1,Engineering,CC-1001,OPEX,150334.08
2024-04-01,2024,4,Q2,Engineering,CC-1001,OPEX,254214.24
2024-05-01,2024,5,Q2,Engineering,CC-1001,OPEX,26415.0
2024-06-01,2024,6,Q2,Engineering,CC-1001,OPEX,95440.38
2024-07-01,2024,7,Q3,Engineering,CC-1001,OPEX,221896.26
2024-08-01,2024,8,Q3,Engineering,CC-1001,OPEX,141653.52
2024-09-01,2024,9,Q3,Engineering,CC-1001,OPEX,105925.26
2024-10-01,2024,10,Q4,Engineering,CC-1001,OPEX,105933.06
2024-11-01,2024,11,Q4,Engineering,CC-1001,OPEX,196022.08
2024-12-01,2024,12,Q4,Engineering,CC-1001,OPEX,36095.19
2025-01-01,2025,1,Q1,Engineering,CC-1001,OPEX,57645.84
2025-02-01,2025,2,Q1,Engineering,CC-1001,OPEX,76023.68
2025-03-01,2025,3,Q1,Engineering,CC-1001,OPEX,63389.26
2023-01-01,2023,1,Q1,Engineering,CC-1001,Capex,101081.59
2023-02-01,2023,2,Q1,Engineering,CC-1001,Capex,66955.5
2023-03-01,2023,3,Q1,Engineering,CC-1001,Capex,102034.9
2023-04-01,2023,4,Q2,Engineering,CC-1001,Capex,60058.72
2023-05-01,2023,5,Q2,Engineering,CC-1001,Capex,67013.64
2023-06-01,2023,6,Q2,Engineering,CC-1001,Capex,84509.26
2023-07-01,2023,7,Q3,Engineering,CC-1001,Capex,34256.27
2023-08-01,2023,8,Q3,Engineering,CC-1001,Capex,124355.59
2023-09-01,2023,9,Q3,Engineering,CC-1001,Capex,147322.69
2023-10-01,2023,10,Q4,Engineering,CC-1001,Capex,97901.28
2023-11-01,2023,11,Q4,Engineering,CC-1001,Capex,50144.33
2023-12-01,2023,12,Q4,Engineering,CC-1001,Capex,27949.71
2024-01-01,2024,1,Q1,Engineering,CC-1001,Capex,113502.98
2024-02-01,2024,2,Q1,Engineering,CC-1001,Capex,32421.32
2024-03-01,2024,3,Q1,Engineering,CC-1001,Capex,45395.65
2024-04-01,2024,4,Q2,Engineering,CC-1001,Capex,102049.64
2024-05-01,2024,5,Q2,Engineering,CC-1001,Capex,111455.96
2024-06-01,2024,6,Q2,Engineering,CC-1001,Capex,125632.08
2024-07-01,2024,7,Q3,Engineering,CC-1001,Capex,20118.69
2024-08-01,2024,8,Q3,Engineering,CC-1001,Capex,33973.74
2024-09-01,2024,9,Q3,Engineering,CC-1001,Capex,30190.69
2024-10-01,2024,10,Q4,Engineering,CC-1001,Capex,145120.02
2024-11-01,2024,11,Q4,Engineering,CC-1001,Capex,127757.53
2024-12-01,2024,12,Q4,Engineering,CC-1001,Capex,52560.51
2025-01-01,2025,1,Q1,Engineering,CC-1001,Capex,147407.52
2025-02-01,2025,2,Q1,Engineering,CC-1001,Capex,56298.16
2025-03-01,2025,3,Q1,Engineering,CC-1001,Capex,24781.57
2023-01-01,2023,1,Q1,Engineering,CC-1001,T&E,9692.16
2023-02-01,2023,2,Q1,Engineering,CC-1001,T&E,36917.01
2023-03-01,2023,3,Q1,Engineering,CC-1001,T&E,12323.67
2023-04-01,2023,4,Q2,Engineering,CC-1001,T&E,30073.57
2023-05-01,2023,5,Q2,Engineering,CC-1001,T&E,55580.81
2023-06-01,2023,6,Q2,Engineering,CC-1001,T&E,21604.18
2023-07-01,2023,7,Q3,Engineering,CC-1001,T&E,12308.49
2023-08-01,2023,8,Q3,Engineering,CC-1001,T&E,7409.91
2023-09-01,2023,9,Q3,Engineering,CC-1001,T&E,5645.37
2023-10-01,2023,10,Q4,Engineering,CC-1001,T&E,3260.62
2023-11-01,2023,11,Q4,Engineering,CC-1001,T&E,40970.48
2023-12-01,2023,12,Q4,Engineering,CC-1001,T&E,6301.68
2024-01-01,2024,1,Q1,Engineering,CC-1001,T&E,15952.45
2024-02-01,2024,2,Q1,Engineering,CC-1001,T&E,18971.63
2024-03-01,2024,3,Q1,Engineering,CC-1001,T&E,14663.13
2024-04-01,2024,4,Q2,Engineering,CC-1001,T&E,32388.99
2024-05-01,2024,5,Q2,Engineering,CC-1001,T&E,4703.69
2024-06-01,2024,6,Q2,Engineering,CC-1001,T&E,8310.24
2024-07-01,2024,7,Q3,Engineering,CC-1001,T&E,8630.3
2024-08-01,2024,8,Q3,Engineering,CC-1001,T&E,9898.36
2024-09-01,2024,9,Q3,Engineering,CC-1001,T&E,5918.77
2024-10-01,2024,10,Q4,Engineering,CC-1001,T&E,7452.33
2024-11-01,2024,11,Q4,Engineering,CC-1001,T&E,23997.54
2024-12-01,2024,12,Q4,Engineering,CC-1001,T&E,16500.18
2025-01-01,2025,1,Q1,Engineering,CC-1001,T&E,31738.38
2025-02-01,2025,2,Q1,Engineering,CC-1001,T&E,39523.62
2025-03-01,2025,3,Q1,Engineering,CC-1001,T&E,9955.4
2023-01-01,2023,1,Q1,Engineering,CC-1001,Marketing Spend,245943.98
2023-02-01,2023,2,Q1,Engineering,CC-1001,Marketing Spend,212653.99
2023-03-01,2023,3,Q1,Engineering,CC-1001,Marketing Spend,127295.24
2023-04-01,2023,4,Q2,Engineering,CC-1001,Marketing Spend,90549.12
2023-05-01,2023,5,Q2,Engineering,CC-1001,Marketing Spend,62762.71
2023-06-01,2023,6,Q2,Engineering,CC-1001,Marketing Spend,235753.34
2023-07-01,2023,7,Q3,Engineering,CC-1001,Marketing Spend,283297.22
2023-08-01,2023,8,Q3,Engineering,CC-1001,Marketing Spend,68333.47
2023-09-01,2023,9,Q3,Engineering,CC-1001,Marketing Spend,144586.36
2023-10-01,2023,10,Q4,Engineering,CC-1001,Marketing Spend,57916.01
2023-11-01,2023,11,Q4,Engineering,CC-1001,Marketing Spend,196661.38
2023-12-01,2023,12,Q4,Engineering,CC-1001,Marketing Spend,335020.27
2024-01-01,2024,1,Q1,Engineering,CC-1001,Marketing Spend,236324.45
2024-02-01,2024,2,Q1,Engineering,CC-1001,Marketing Spend,294424.69
2024-03-01,2024,3,Q1,Engineering,CC-1001,Marketing Spend,169426.14
2024-04-01,2024,4,Q2,Engineering,CC-1001,Marketing Spend,65936.37
2024-05-01,2024,5,Q2,Engineering,CC-1001,Marketing Spend,139783.92
2024-06-01,2024,6,Q2,Engineering,CC-1001,Marketing Spend,80243.64
2024-07-01,2024,7,Q3,Engineering,CC-1001,Marketing Spend,100055.78
2024-08-01,2024,8,Q3,Engineering,CC-1001,Marketing Spend,132210.61
2024-09-01,2024,9,Q3,Engineering,CC-1001,Marketing Spend,183488.17
2024-10-01,2024,10,Q4,Engineering,CC-1001,Marketing Spend,73533.79
2024-11-01,2024,11,Q4,Engineering,CC-1001,Marketing Spend,234749.24
2024-12-01,2024,12,Q4,Engineering,CC-1001,Marketing Spend,263137.13
2025-01-01,2025,1,Q1,Engineering,CC-1001,Marketing Spend,272166.97
2025-02-01,2025,2,Q1,Engineering,CC-1001,Marketing Spend,49633.37
2025-03-01,2025,3,Q1,Engineering,CC-1001,Marketing Spend,239409.46
2023-01-01,2023,1,Q1,Engineering,CC-1001,Software,76438.18
2023-02-01,2023,2,Q1,Engineering,CC-1001,Software,58628.55
2023-03-01,2023,3,Q1,Engineering,CC-1001,Software,83142.0
2023-04-01,2023,4,Q2,Engineering,CC-1001,Software,33557.98
2023-05-01,2023,5,Q2,Engineering,CC-1001,Software,50858.9
2023-06-01,2023,6,Q2,Engineering,CC-1001,Software,64708.37
2023-07-01,2023,7,Q3,Engineering,CC-1001,Software,12108.43
2023-08-01,2023,8,Q3,Engineering,CC-1001,Software,33741.47
2023-09-01,2023,9,Q3,Engineering,CC-1001,Software,29756.47
2023-10-01,2023,10,Q4,Engineering,CC-1001,Software,28689.64
2023-11-01,2023,11,Q4,Engineering,CC-1001,Software,12415.07
2023-12-01,2023,12,Q4,Engineering,CC-1001,Software,58580.13
2024-01-01,2024,1,Q1,Engineering,CC-1001,Software,71009.83
2024-02-01,2024,2,Q1,Engineering,CC-1001,Software,61379.57
2024-03-01,2024,3,Q1,Engineering,CC-1001,Software,76174.5
2024-04-01,2024,4,Q2,Engineering,CC-1001,Software,75197.72
2024-05-01,2024,5,Q2,Engineering,CC-1001,Software,62380.96
2024-06-01,2024,6,Q2,Engineering,CC-1001,Software,70360.76
2024-07-01,2024,7,Q3,Engineering,CC-1001,Software,47798.98
2024-08-01,2024,8,Q3,Engineering,CC-1001,Software,21797.11
2024-09-01,2024,9,Q3,Engineering,CC-1001,Software,32835.15
2024-10-01,2024,10,Q4,Engineering,CC-1001,Software,5807.19
2024-11-01,2024,11,Q4,Engineering,CC-1001,Software,47833.03
2024-12-01,2024,12,Q4,Engineering,CC-1001,Software,16829.38
2025-01-01,2025,1,Q1,Engineering,CC-1001,Software,44368.15
2025-02-01,2025,2,Q1,Engineering,CC-1001,Software,71023.79
2025-03-01,2025,3,Q1,Engineering,CC-1001,Software,88639.83
2023-01-01,2023,1,Q1,Engineering,CC-1001,Utilities,14805.19
2023-02-01,2023,2,Q1,Engineering,CC-1001,Utilities,33925.99
2023-03-01,2023,3,Q1,Engineering,CC-1001,Utilities,15147.57
2023-04-01,2023,4,Q2,Engineering,CC-1001,Utilities,27537.86
2023-05-01,2023,5,Q2,Engineering,CC-1001,Utilities,10663.47
2023-06-01,2023,6,Q2,Engineering,CC-1001,Utilities,21246.26
2023-07-01,2023,7,Q3,Engineering,CC-1001,Utilities,12730.7
2023-08-01,2023,8,Q3,Engineering,CC-1001,Utilities,16455.2
2023-09-01,2023,9,Q3,Engineering,CC-1001,Utilities,16855.35
2023-10-01,2023,10,Q4,Engineering,CC-1001,Utilities,17146.68
2023-11-01,2023,11,Q4,Engineering,CC-1001,Utilities,10192.36
2023-12-01,2023,12,Q4,Engineering,CC-1001,Utilities,18796.63
2024-01-01,2024,1,Q1,Engineering,CC-1001,Utilities,34689.14
2024-02-01,2024,2,Q1,Engineering,CC-1001,Utilities,16926.54
2024-03-01,2024,3,Q1,Engineering,CC-1001,Utilities,14634.28
2024-04-01,2024,4,Q2,Engineering,CC-1001,Utilities,7639.94
2024-05-01,2024,5,Q2,Engineering,CC-1001,Utilities,24344.11
2024-06-01,2024,6,Q2,Engineering,CC-1001,Utilities,19336.85
2024-07-01,2024,7,Q3,Engineering,CC-1001,Utilities,12981.95
2024-08-01,2024,8,Q3,Engineering,CC-1001,Utilities,33973.6
2024-09-01,2024,9,Q3,Engineering,CC-1001,Utilities,27020.62
2024-10-01,2024,10,Q4,Engineering,CC-1001,Utilities,7537.2
2024-11-01,2024,11,Q4,Engineering,CC-1001,Utilities,18276.23
2024-12-01,2024,12,Q4,Engineering,CC-1001,Utilities,25498.64
2025-01-01,2025,1,Q1,Engineering,CC-1001,Utilities,26304.52
2025-02-01,2025,2,Q1,Engineering,CC-1001,Utilities,32207.91
2025-03-01,2025,3,Q1,Engineering,CC-1001,Utilities,31420.37
2023-01-01,2023,1,Q1,Engineering,CC-1001,Headcount,103.12
2023-02-01,2023,2,Q1,Engineering,CC-1001,Headcount,31.48
2023-03-01,2023,3,Q1,Engineering,CC-1001,Headcount,40.67
2023-04-01,2023,4,Q2,Engineering,CC-1001,Headcount,45.01
2023-05-01,2023,5,Q2,Engineering,CC-1001,Headcount,103.09
2023-06-01,2023,6,Q2,Engineering,CC-1001,Headcount,50.17
2023-07-01,2023,7,Q3,Engineering,CC-1001,Headcount,90.21
2023-08-01,2023,8,Q3,Engineering,CC-1001,Headcount,112.22
2023-09-01,2023,9,Q3,Engineering,CC-1001,Headcount,38.79
2023-10-01,2023,10,Q4,Engineering,CC-1001,Headcount,46.02
2023-11-01,2023,11,Q4,Engineering,CC-1001,Headcount,50.75
2023-12-01,2023,12,Q4,Engineering,CC-1001,Headcount,97.55
2024-01-01,2024,1,Q1,Engineering,CC-1001,Headcount,29.21
2024-02-01,2024,2,Q1,Engineering,CC-1001,Headcount,14.3
2024-03-01,2024,3,Q1,Engineering,CC-1001,Headcount,12.53
2024-04-01,2024,4,Q2,Engineering,CC-1001,Headcount,87.83
2024-05-01,2024,5,Q2,Engineering,CC-1001,Headcount,16.53
2024-06-01,2024,6,Q2,Engineering,CC-1001,Headcount,14.7
2024-07-01,2024,7,Q3,Engineering,CC-1001,Headcount,110.86
2024-08-01,2024,8,Q3,Engineering,CC-1001,Headcount,45.39
2024-09-01,2024,9,Q3,Engineering,CC-1001,Headcount,16.63
2024-10-01,2024,10,Q4,Engineering,CC-1001,Headcount,78.62
2024-11-01,2024,11,Q4,Engineering,CC-1001,Headcount,90.33
2024-12-01,2024,12,Q4,Engineering,CC-1001,Headcount,81.98
2025-01-01,2025,1,Q1,Engineering,CC-1001,Headcount,25.72
2025-02-01,2025,2,Q1,Engineering,CC-1001,Headcount,107.87
2025-03-01,2025,3,Q1,Engineering,CC-1001,Headcount,35.05
2023-01-01,2023,1,Q1,Sales,CC-2001,Salaries,727423.05
2023-02-01,2023,2,Q1,Sales,CC-2001,Salaries,543129.63
2023-03-01,2023,3,Q1,Sales,CC-2001,Salaries,823931.64
2023-04-01,2023,4,Q2,Sales,CC-2001,Salaries,901560.75
2023-05-01,2023,5,Q2,Sales,CC-2001,Salaries,813812.75
2023-06-01,2023,6,Q2,Sales,CC-2001,Salaries,455147.84
2023-07-01,2023,7,Q3,Sales,CC-2001,Salaries,714743.03
2023-08-01,2023,8,Q3,Sales,CC-2001,Salaries,764868.7
2023-09-01,2023,9,Q3,Sales,CC-2001,Salaries,340069.3
2023-10-01,2023,10,Q4,Sales,CC-2001,Salaries,700363.94
2023-11-01,2023,11,Q4,Sales,CC-2001,Salaries,773808.1
2023-12-01,2023,12,Q4,Sales,CC-2001,Salaries,934599.34
2024-01-01,2024,1,Q1,Sales,CC-2001,Salaries,688898.17
2024-02-01,2024,2,Q1,Sales,CC-2001,Salaries,543408.32
2024-03-01,2024,3,Q1,Sales,CC-2001,Salaries,197761.39
2024-04-01,2024,4,Q2,Sales,CC-2001,Salaries,974365.97
2024-05-01,2024,5,Q2,Sales,CC-2001,Salaries,926718.96
2024-06-01,2024,6,Q2,Sales,CC-2001,Salaries,469166.17
2024-07-01,2024,7,Q3,Sales,CC-2001,Salaries,353957.53
2024-08-01,2024,8,Q3,Sales,CC-2001,Salaries,602413.65
2024-09-01,2024,9,Q3,Sales,CC-2001,Salaries,451161.68
2024-10-01,2024,10,Q4,Sales,CC-2001,Salaries,272002.25
2024-11-01,2024,11,Q4,Sales,CC-2001,Salaries,563856.36
2024-12-01,2024,12,Q4,Sales,CC-2001,Salaries,412350.35
2025-01-01,2025,1,Q1,Sales,CC-2001,Salaries,794171.16
2025-02-01,2025,2,Q1,Sales,CC-2001,Salaries,680936.64
2025-03-01,2025,3,Q1,Sales,CC-2001,Salaries,1676872.66
2023-01-01,2023,1,Q1,Sales,CC-2001,OPEX,131119.34
2023-02-01,2023,2,Q1,Sales,CC-2001,OPEX,90407.8
2023-03-01,2023,3,Q1,Sales,CC-2001,OPEX,166382.1
2023-04-01,2023,4,Q2,Sales,CC-2001,OPEX,100215.47
2023-05-01,2023,5,Q2,Sales,CC-2001,OPEX,202702.48
2023-06-01,2023,6,Q2,Sales,CC-2001,OPEX,61481.97
2023-07-01,2023,7,Q3,Sales,CC-2001,OPEX,120713.87
2023-08-01,2023,8,Q3,Sales,CC-2001,OPEX,56853.87
2023-09-01,2023,9,Q3,Sales,CC-2001,OPEX,159480.36
2023-10-01,2023,10,Q4,Sales,CC-2001,OPEX,173001.62
2023-11-01,2023,11,Q4,Sales,CC-2001,OPEX,28961.69
2023-12-01,2023,12,Q4,Sales,CC-2001,OPEX,111665.39
2024-01-01,2024,1,Q1,Sales,CC-2001,OPEX,189386.03
2024-02-01,2024,2,Q1,Sales,CC-2001,OPEX,61537.23
2024-03-01,2024,3,Q1,Sales,CC-2001,OPEX,197121.21
2024-04-01,2024,4,Q2,Sales,CC-2001,OPEX,93139.54
2024-05-01,2024,5,Q2,Sales,CC-2001,OPEX,76451.63
2024-06-01,2024,6,Q2,Sales,CC-2001,OPEX,203119.36
2024-07-01,2024,7,Q3,Sales,CC-2001,OPEX,69907.33
2024-08-01,2024,8,Q3,Sales,CC-2001,OPEX,88443.2
2024-09-01,2024,9,Q3,Sales,CC-2001,OPEX,68253.67
2024-10-01,2024,10,Q4,Sales,CC-2001,OPEX,142822.36
2024-11-01,2024,11,Q4,Sales,CC-2001,OPEX,140410.39
2024-12-01,2024,12,Q4,Sales,CC-2001,OPEX,81801.98
2025-01-01,2025,1,Q1,Sales,CC-2001,OPEX,157495.23
2025-02-01,2025,2,Q1,Sales,CC-2001,OPEX,174567.51
2025-03-01,2025,3,Q1,Sales,CC-2001,OPEX,69130.18
2023-01-01,2023,1,Q1,Sales,CC-2001,Capex,55388.71
2023-02-01,2023,2,Q1,Sales,CC-2001,Capex,53987.13
2023-03-01,2023,3,Q1,Sales,CC-2001,Capex,96682.2
2023-04-01,2023,4,Q2,Sales,CC-2001,Capex,42364.87
2023-05-01,2023,5,Q2,Sales,CC-2001,Capex,21355.58
2023-06-01,2023,6,Q2,Sales,CC-2001,Capex,192315.71
2023-07-01,2023,7,Q3,Sales,CC-2001,Capex,117644.5
2023-08-01,2023,8,Q3,Sales,CC-2001,Capex,35344.57
2023-09-01,2023,9,Q3,Sales,CC-2001,Capex,220667.47
2023-10-01,2023,10,Q4,Sales,CC-2001,Capex,21126.27
2023-11-01,2023,11,Q4,Sales,CC-2001,Capex,29693.49
2023-12-01,2023,12,Q4,Sales,CC-2001,Capex,36248.25
2024-01-01,2024,1,Q1,Sales,CC-2001,Capex,79311.29
2024-02-01,2024,2,Q1,Sales,CC-2001,Capex,129261.1
2024-03-01,2024,3,Q1,Sales,CC-2001,Capex,68282.5
2024-04-01,2024,4,Q2,Sales,CC-2001,Capex,139933.79
2024-05-01,2024,5,Q2,Sales,CC-2001,Capex,131057.77
2024-06-01,2024,6,Q2,Sales,CC-2001,Capex,66351.83
2024-07-01,2024,7,Q3,Sales,CC-2001,Capex,134165.41
2024-08-01,2024,8,Q3,Sales,CC-2001,Capex,51713.12
2024-09-01,2024,9,Q3,Sales,CC-2001,Capex,190654.1
2024-10-01,2024,10,Q4,Sales,CC-2001,Capex,47957.35
2024-11-01,2024,11,Q4,Sales,CC-2001,Capex,121553.34
2024-12-01,2024,12,Q4,Sales,CC-2001,Capex,11872.83
2025-01-01,2025,1,Q1,Sales,CC-2001,Capex,86393.89
2025-02-01,2025,2,Q1,Sales,CC-2001,Capex,56124.24
2025-03-01,2025,3,Q1,Sales,CC-2001,Capex,22551.26
2023-01-01,2023,1,Q1,Sales,CC-2001,T&E,9450.77
2023-02-01,2023,2,Q1,Sales,CC-2001,T&E,17906.7
2023-03-01,2023,3,Q1,Sales,CC-2001,T&E,29510.94
2023-04-01,2023,4,Q2,Sales,CC-2001,T&E,34189.28
2023-05-01,2023,5,Q2,Sales,CC-2001,T&E,21692.51
2023-06-01,2023,6,Q2,Sales,CC-2001,T&E,28383.37
2023-07-01,2023,7,Q3,Sales,CC-2001,T&E,7101.92
2023-08-01,2023,8,Q3,Sales,CC-2001,T&E,24033.6
2023-09-01,2023,9,Q3,Sales,CC-2001,T&E,8175.86
2023-10-01,2023,10,Q4,Sales,CC-2001,T&E,34951.1
2023-11-01,2023,11,Q4,Sales,CC-2001,T&E,17439.78
2023-12-01,2023,12,Q4,Sales,CC-2001,T&E,17840.7
2024-01-01,2024,1,Q1,Sales,CC-2001,T&E,32159.24
2024-02-01,2024,2,Q1,Sales,CC-2001,T&E,4305.34
2024-03-01,2024,3,Q1,Sales,CC-2001,T&E,33465.88
2024-04-01,2024,4,Q2,Sales,CC-2001,T&E,30776.16
2024-05-01,2024,5,Q2,Sales,CC-2001,T&E,26132.99
2024-06-01,2024,6,Q2,Sales,CC-2001,T&E,9446.83
2024-07-01,2024,7,Q3,Sales,CC-2001,T&E,31907.74
2024-08-01,2024,8,Q3,Sales,CC-2001,T&E,21617.94
2024-09-01,2024,9,Q3,Sales,CC-2001,T&E,20780.69
2024-10-01,2024,10,Q4,Sales,CC-2001,T&E,11608.54
2024-11-01,2024,11,Q4,Sales,CC-2001,T&E,23127.0
2024-12-01,2024,12,Q4,Sales,CC-2001,T&E,11985.04
2025-01-01,2025,1,Q1,Sales,CC-2001,T&E,33509.72
2025-02-01,2025,2,Q1,Sales,CC-2001,T&E,14469.71
2025-03-01,2025,3,Q1,Sales,CC-2001,T&E,68816.81
2023-01-01,2023,1,Q1,Sales,CC-2001,Marketing Spend,136768.97
2023-02-01,2023,2,Q1,Sales,CC-2001,Marketing Spend,113818.13
2023-03-01,2023,3,Q1,Sales,CC-2001,Marketing Spend,34196.49
2023-04-01,2023,4,Q2,Sales,CC-2001,Marketing Spend,428382.24
2023-05-01,2023,5,Q2,Sales,CC-2001,Marketing Spend,202645.47
2023-06-01,2023,6,Q2,Sales,CC-2001,Marketing Spend,256861.34
2023-07-01,2023,7,Q3,Sales,CC-2001,Marketing Spend,22868.83
2023-08-01,2023,8,Q3,Sales,CC-2001,Marketing Spend,47777.17
2023-09-01,2023,9,Q3,Sales,CC-2001,Marketing Spend,77909.6
2023-10-01,2023,10,Q4,Sales,CC-2001,Marketing Spend,76972.3
2023-11-01,2023,11,Q4,Sales,CC-2001,Marketing Spend,63309.14
2023-12-01,2023,12,Q4,Sales,CC-2001,Marketing Spend,64823.65
2024-01-01,2024,1,Q1,Sales,CC-2001,Marketing Spend,152093.69
2024-02-01,2024,2,Q1,Sales,CC-2001,Marketing Spend,336420.05
2024-03-01,2024,3,Q1,Sales,CC-2001,Marketing Spend,131755.21
2024-04-01,2024,4,Q2,Sales,CC-2001,Marketing Spend,48210.31
2024-05-01,2024,5,Q2,Sales,CC-2001,Marketing Spend,173051.79
2024-06-01,2024,6,Q2,Sales,CC-2001,Marketing Spend,95642.64
2024-07-01,2024,7,Q3,Sales,CC-2001,Marketing Spend,150120.71
2024-08-01,2024,8,Q3,Sales,CC-2001,Marketing Spend,173229.07
2024-09-01,2024,9,Q3,Sales,CC-2001,Marketing Spend,216830.34
2024-10-01,2024,10,Q4,Sales,CC-2001,Marketing Spend,90702.34
2024-11-01,2024,11,Q4,Sales,CC-2001,Marketing Spend,47181.69
2024-12-01,2024,12,Q4,Sales,CC-2001,Marketing Spend,39000.76
2025-01-01,2025,1,Q1,Sales,CC-2001,Marketing Spend,118136.98
2025-02-01,2025,2,Q1,Sales,CC-2001,Marketing Spend,105529.16
2025-03-01,2025,3,Q1,Sales,CC-2001,Marketing Spend,254053.11
2023-01-01,2023,1,Q1,Sales,CC-2001,Software,27621.37
2023-02-01,2023,2,Q1,Sales,CC-2001,Software,26426.25
2023-03-01,2023,3,Q1,Sales,CC-2001,Software,60880.23
2023-04-01,2023,4,Q2,Sales,CC-2001,Software,88848.31
2023-05-01,2023,5,Q2,Sales,CC-2001,Software,55598.37
2023-06-01,2023,6,Q2,Sales,CC-2001,Software,29780.04
2023-07-01,2023,7,Q3,Sales,CC-2001,Software,39230.9
2023-08-01,2023,8,Q3,Sales,CC-2001,Software,21150.89
2023-09-01,2023,9,Q3,Sales,CC-2001,Software,61930.98
2023-10-01,2023,10,Q4,Sales,CC-2001,Software,59052.55
2023-11-01,2023,11,Q4,Sales,CC-2001,Software,28086.15
2023-12-01,2023,12,Q4,Sales,CC-2001,Software,15789.03
2024-01-01,2024,1,Q1,Sales,CC-2001,Software,20880.66
2024-02-01,2024,2,Q1,Sales,CC-2001,Software,53403.92
2024-03-01,2024,3,Q1,Sales,CC-2001,Software,38082.39
2024-04-01,2024,4,Q2,Sales,CC-2001,Software,62053.24
2024-05-01,2024,5,Q2,Sales,CC-2001,Software,25912.44
2024-06-01,2024,6,Q2,Sales,CC-2001,Software,31950.21
2024-07-01,2024,7,Q3,Sales,CC-2001,Software,68923.38
2024-08-01,2024,8,Q3,Sales,CC-2001,Software,66115.69
2024-09-01,2024,9,Q3,Sales,CC-2001,Software,25721.27
2024-10-01,2024,10,Q4,Sales,CC-2001,Software,17991.98
2024-11-01,2024,11,Q4,Sales,CC-2001,Software,20533.9
2024-12-01,2024,12,Q4,Sales,CC-2001,Software,59925.76
2025-01-01,2025,1,Q1,Sales,CC-2001,Software,17589.5
2025-02-01,2025,2,Q1,Sales,CC-2001,Software,42789.95
2025-03-01,2025,3,Q1,Sales,CC-2001,Software,53972.71
2023-01-01,2023,1,Q1,Sales,CC-2001,Utilities,19497.28
2023-02-01,2023,2,Q1,Sales,CC-2001,Utilities,9387.72
2023-03-01,2023,3,Q1,Sales,CC-2001,Utilities,14558.38
2023-04-01,2023,4,Q2,Sales,CC-2001,Utilities,18415.02
2023-05-01,2023,5,Q2,Sales,CC-2001,Utilities,29130.0
2023-06-01,2023,6,Q2,Sales,CC-2001,Utilities,11595.31
2023-07-01,2023,7,Q3,Sales,CC-2001,Utilities,3355.44
2023-08-01,2023,8,Q3,Sales,CC-2001,Utilities,28305.72
2023-09-01,2023,9,Q3,Sales,CC-2001,Utilities,8687.99
2023-10-01,2023,10,Q4,Sales,CC-2001,Utilities,24378.83
2023-11-01,2023,11,Q4,Sales,CC-2001,Utilities,18898.25
2023-12-01,2023,12,Q4,Sales,CC-2001,Utilities,31257.36
2024-01-01,2024,1,Q1,Sales,CC-2001,Utilities,25861.46
2024-02-01,2024,2,Q1,Sales,CC-2001,Utilities,12776.0
2024-03-01,2024,3,Q1,Sales,CC-2001,Utilities,33736.25
2024-04-01,2024,4,Q2,Sales,CC-2001,Utilities,9607.99
2024-05-01,2024,5,Q2,Sales,CC-2001,Utilities,7852.79
2024-06-01,2024,6,Q2,Sales,CC-2001,Utilities,8142.2
2024-07-01,2024,7,Q3,Sales,CC-2001,Utilities,26398.39
2024-08-01,2024,8,Q3,Sales,CC-2001,Utilities,6711.75
2024-09-01,2024,9,Q3,Sales,CC-2001,Utilities,19075.3
2024-10-01,2024,10,Q4,Sales,CC-2001,Utilities,12782.66
2024-11-01,2024,11,Q4,Sales,CC-2001,Utilities,9226.22
2024-12-01,2024,12,Q4,Sales,CC-2001,Utilities,19253.15
2025-01-01,2025,1,Q1,Sales,CC-2001,Utilities,9736.91
2025-02-01,2025,2,Q1,Sales,CC-2001,Utilities,18729.12
2025-03-01,2025,3,Q1,Sales,CC-2001,Utilities,7239.19
2023-01-01,2023,1,Q1,Sales,CC-2001,Headcount,93.84
2023-02-01,2023,2,Q1,Sales,CC-2001,Headcount,30.59
2023-03-01,2023,3,Q1,Sales,CC-2001,Headcount,84.18
2023-04-01,2023,4,Q2,Sales,CC-2001,Headcount,17.41
2023-05-01,2023,5,Q2,Sales,CC-2001,Headcount,17.92
2023-06-01,2023,6,Q2,Sales,CC-2001,Headcount,13.4
2023-07-01,2023,7,Q3,Sales,CC-2001,Headcount,82.72
2023-08-01,2023,8,Q3,Sales,CC-2001,Headcount,123.57
2023-09-01,2023,9,Q3,Sales,CC-2001,Headcount,41.33
2023-10-01,2023,10,Q4,Sales,CC-2001,Headcount,94.39
2023-11-01,2023,11,Q4,Sales,CC-2001,Headcount,38.19
2023-12-01,2023,12,Q4,Sales,CC-2001,Headcount,93.2
2024-01-01,2024,1,Q1,Sales,CC-2001,Headcount,73.64
2024-02-01,2024,2,Q1,Sales,CC-2001,Headcount,120.12
2024-03-01,2024,3,Q1,Sales,CC-2001,Headcount,63.93
2024-04-01,2024,4,Q2,Sales,CC-2001,Headcount,31.49
2024-05-01,2024,5,Q2,Sales,CC-2001,Headcount,7.81
2024-06-01,2024,6,Q2,Sales,CC-2001,Headcount,61.81
2024-07-01,2024,7,Q3,Sales,CC-2001,Headcount,54.2
2024-08-01,2024,8,Q3,Sales,CC-2001,Headcount,72.55
2024-09-01,2024,9,Q3,Sales,CC-2001,Headcount,41.34
2024-10-01,2024,10,Q4,Sales,CC-2001,Headcount,155.58
2024-11-01,2024,11,Q4,Sales,CC-2001,Headcount,94.72
2024-12-01,2024,12,Q4,Sales,CC-2001,Headcount,55.35
2025-01-01,2025,1,Q1,Sales,CC-2001,Headcount,57.81
2025-02-01,2025,2,Q1,Sales,CC-2001,Headcount,64.68
2025-03-01,2025,3,Q1,Sales,CC-2001,Headcount,110.42
2023-01-01,2023,1,Q1,Marketing,CC-3001,Salaries,738146.54
2023-02-01,2023,2,Q1,Marketing,CC-3001,Salaries,828579.08
2023-03-01,2023,3,Q1,Marketing,CC-3001,Salaries,692491.73
2023-04-01,2023,4,Q2,Marketing,CC-3001,Salaries,727602.53
2023-05-01,2023,5,Q2,Marketing,CC-3001,Salaries,436866.8
2023-06-01,2023,6,Q2,Marketing,CC-3001,Salaries,647434.03
2023-07-01,2023,7,Q3,Marketing,CC-3001,Salaries,261036.45
2023-08-01,2023,8,Q3,Marketing,CC-3001,Salaries,304879.8
2023-09-01,2023,9,Q3,Marketing,CC-3001,Salaries,733870.48
2023-10-01,2023,10,Q4,Marketing,CC-3001,Salaries,417214.28
2023-11-01,2023,11,Q4,Marketing,CC-3001,Salaries,515510.7
2023-12-01,2023,12,Q4,Marketing,CC-3001,Salaries,529276.87
2024-01-01,2024,1,Q1,Marketing,CC-3001,Salaries,771966.04
2024-02-01,2024,2,Q1,Marketing,CC-3001,Salaries,633498.52
2024-03-01,2024,3,Q1,Marketing,CC-3001,Salaries,1161136.53
2024-04-01,2024,4,Q2,Marketing,CC-3001,Salaries,735838.21
2024-05-01,2024,5,Q2,Marketing,CC-3001,Salaries,575710.13
2024-06-01,2024,6,Q2,Marketing,CC-3001,Salaries,549332.66
2024-07-01,2024,7,Q3,Marketing,CC-3001,Salaries,473217.33
2024-08-01,2024,8,Q3,Marketing,CC-3001,Salaries,325906.45
2024-09-01,2024,9,Q3,Marketing,CC-3001,Salaries,1132868.89
2024-10-01,2024,10,Q4,Marketing,CC-3001,Salaries,486197.44
2024-11-01,2024,11,Q4,Marketing,CC-3001,Salaries,799918.24
2024-12-01,2024,12,Q4,Marketing,CC-3001,Salaries,480657.15
2025-01-01,2025,1,Q1,Marketing,CC-3001,Salaries,630582.83
2025-02-01,2025,2,Q1,Marketing,CC-3001,Salaries,852047.5
2025-03-01,2025,3,Q1,Marketing,CC-3001,Salaries,566075.08
2023-01-01,2023,1,Q1,Marketing,CC-3001,OPEX,79242.52
2023-02-01,2023,2,Q1,Marketing,CC-3001,OPEX,140492.8
2023-03-01,2023,3,Q1,Marketing,CC-3001,OPEX,41660.55
2023-04-01,2023,4,Q2,Marketing,CC-3001,OPEX,206444.11
2023-05-01,2023,5,Q2,Marketing,CC-3001,OPEX,120310.01
2023-06-01,2023,6,Q2,Marketing,CC-3001,OPEX,50388.49
2023-07-01,2023,7,Q3,Marketing,CC-3001,OPEX,180158.02
2023-08-01,2023,8,Q3,Marketing,CC-3001,OPEX,127461.65
2023-09-01,2023,9,Q3,Marketing,CC-3001,OPEX,75323.2
2023-10-01,2023,10,Q4,Marketing,CC-3001,OPEX,126864.7
2023-11-01,2023,11,Q4,Marketing,CC-3001,OPEX,119358.9
2023-12-01,2023,12,Q4,Marketing,CC-3001,OPEX,47770.34
2024-01-01,2024,1,Q1,Marketing,CC-3001,OPEX,125025.82
2024-02-01,2024,2,Q1,Marketing,CC-3001,OPEX,208686.18
2024-03-01,2024,3,Q1,Marketing,CC-3001,OPEX,190695.31
2024-04-01,2024,4,Q2,Marketing,CC-3001,OPEX,119488.61
2024-05-01,2024,5,Q2,Marketing,CC-3001,OPEX,85922.83
2024-06-01,2024,6,Q2,Marketing,CC-3001,OPEX,88466.73
2024-07-01,2024,7,Q3,Marketing,CC-3001,OPEX,130360.73
2024-08-01,2024,8,Q3,Marketing,CC-3001,OPEX,79717.44
2024-09-01,2024,9,Q3,Marketing,CC-3001,OPEX,54245.61
2024-10-01,2024,10,Q4,Marketing,CC-3001,OPEX,168840.34
2024-11-01,2024,11,Q4,Marketing,CC-3001,OPEX,139858.03
2024-12-01,2024,12,Q4,Marketing,CC-3001,OPEX,150341.45
2025-01-01,2025,1,Q1,Marketing,CC-3001,OPEX,150415.07
2025-02-01,2025,2,Q1,Marketing,CC-3001,OPEX,75696.79
2025-03-01,2025,3,Q1,Marketing,CC-3001,OPEX,170343.41
2023-01-01,2023,1,Q1,Marketing,CC-3001,Capex,79215.64
2023-02-01,2023,2,Q1,Marketing,CC-3001,Capex,11244.51
2023-03-01,2023,3,Q1,Marketing,CC-3001,Capex,29962.22
2023-04-01,2023,4,Q2,Marketing,CC-3001,Capex,51119.39
2023-05-01,2023,5,Q2,Marketing,CC-3001,Capex,83231.17
2023-06-01,2023,6,Q2,Marketing,CC-3001,Capex,40224.31
2023-07-01,2023,7,Q3,Marketing,CC-3001,Capex,130394.26
2023-08-01,2023,8,Q3,Marketing,CC-3001,Capex,92255.5
2023-09-01,2023,9,Q3,Marketing,CC-3001,Capex,76729.28
2023-10-01,2023,10,Q4,Marketing,CC-3001,Capex,38813.69
2023-11-01,2023,11,Q4,Marketing,CC-3001,Capex,47395.5
2023-12-01,2023,12,Q4,Marketing,CC-3001,Capex,72802.74
2024-01-01,2024,1,Q1,Marketing,CC-3001,Capex,99970.35
2024-02-01,2024,2,Q1,Marketing,CC-3001,Capex,35125.15
2024-03-01,2024,3,Q1,Marketing,CC-3001,Capex,69515.11
2024-04-01,2024,4,Q2,Marketing,CC-3001,Capex,271220.21
2024-05-01,2024,5,Q2,Marketing,CC-3001,Capex,70091.5
2024-06-01,2024,6,Q2,Marketing,CC-3001,Capex,16313.33
2024-07-01,2024,7,Q3,Marketing,CC-3001,Capex,193871.26
2024-08-01,2024,8,Q3,Marketing,CC-3001,Capex,126908.11
2024-09-01,2024,9,Q3,Marketing,CC-3001,Capex,191226.43
2024-10-01,2024,10,Q4,Marketing,CC-3001,Capex,102138.91
2024-11-01,2024,11,Q4,Marketing,CC-3001,Capex,62264.88
2024-12-01,2024,12,Q4,Marketing,CC-3001,Capex,55753.36
2025-01-01,2025,1,Q1,Marketing,CC-3001,Capex,39832.06
2025-02-01,2025,2,Q1,Marketing,CC-3001,Capex,166815.0
2025-03-01,2025,3,Q1,Marketing,CC-3001,Capex,108849.89
2023-01-01,2023,1,Q1,Marketing,CC-3001,T&E,18897.52
2023-02-01,2023,2,Q1,Marketing,CC-3001,T&E,19654.33
2023-03-01,2023,3,Q1,Marketing,CC-3001,T&E,18995.27
2023-04-01,2023,4,Q2,Marketing,CC-3001,T&E,48493.28
2023-05-01,2023,5,Q2,Marketing,CC-3001,T&E,14022.17
2023-06-01,2023,6,Q2,Marketing,CC-3001,T&E,45205.46
2023-07-01,2023,7,Q3,Marketing,CC-3001,T&E,12380.99
2023-08-01,2023,8,Q3,Marketing,CC-3001,T&E,33660.76
2023-09-01,2023,9,Q3,Marketing,CC-3001,T&E,28157.84
2023-10-01,2023,10,Q4,Marketing,CC-3001,T&E,2744.92
2023-11-01,2023,11,Q4,Marketing,CC-3001,T&E,41218.17
2023-12-01,2023,12,Q4,Marketing,CC-3001,T&E,12493.47
2024-01-01,2024,1,Q1,Marketing,CC-3001,T&E,36870.54
2024-02-01,2024,2,Q1,Marketing,CC-3001,T&E,22558.6
2024-03-01,2024,3,Q1,Marketing,CC-3001,T&E,35868.47
2024-04-01,2024,4,Q2,Marketing,CC-3001,T&E,57997.98
2024-05-01,2024,5,Q2,Marketing,CC-3001,T&E,30087.16
2024-06-01,2024,6,Q2,Marketing,CC-3001,T&E,10955.44
2024-07-01,2024,7,Q3,Marketing,CC-3001,T&E,37983.32
2024-08-01,2024,8,Q3,Marketing,CC-3001,T&E,8234.46
2024-09-01,2024,9,Q3,Marketing,CC-3001,T&E,5966.52
2024-10-01,2024,10,Q4,Marketing,CC-3001,T&E,18019.11
2024-11-01,2024,11,Q4,Marketing,CC-3001,T&E,34606.9
2024-12-01,2024,12,Q4,Marketing,CC-3001,T&E,16752.29
2025-01-01,2025,1,Q1,Marketing,CC-3001,T&E,39994.17
2025-02-01,2025,2,Q1,Marketing,CC-3001,T&E,8664.08
2025-03-01,2025,3,Q1,Marketing,CC-3001,T&E,4891.94
2023-01-01,2023,1,Q1,Marketing,CC-3001,Marketing Spend,331448.03
2023-02-01,2023,2,Q1,Marketing,CC-3001,Marketing Spend,235170.91
2023-03-01,2023,3,Q1,Marketing,CC-3001,Marketing Spend,260261.92
2023-04-01,2023,4,Q2,Marketing,CC-3001,Marketing Spend,191491.19
2023-05-01,2023,5,Q2,Marketing,CC-3001,Marketing Spend,267408.75
2023-06-01,2023,6,Q2,Marketing,CC-3001,Marketing Spend,94652.84
2023-07-01,2023,7,Q3,Marketing,CC-3001,Marketing Spend,139387.17
2023-08-01,2023,8,Q3,Marketing,CC-3001,Marketing Spend,183846.85
2023-09-01,2023,9,Q3,Marketing,CC-3001,Marketing Spend,149523.34
2023-10-01,2023,10,Q4,Marketing,CC-3001,Marketing Spend,81703.9
2023-11-01,2023,11,Q4,Marketing,CC-3001,Marketing Spend,165202.65
2023-12-01,2023,12,Q4,Marketing,CC-3001,Marketing Spend,67573.91
2024-01-01,2024,1,Q1,Marketing,CC-3001,Marketing Spend,144995.37
2024-02-01,2024,2,Q1,Marketing,CC-3001,Marketing Spend,14948.87
2024-03-01,2024,3,Q1,Marketing,CC-3001,Marketing Spend,49252.06
2024-04-01,2024,4,Q2,Marketing,CC-3001,Marketing Spend,287632.68
2024-05-01,2024,5,Q2,Marketing,CC-3001,Marketing Spend,250452.82
2024-06-01,2024,6,Q2,Marketing,CC-3001,Marketing Spend,187150.79
2024-07-01,2024,7,Q3,Marketing,CC-3001,Marketing Spend,108581.06
2024-08-01,2024,8,Q3,Marketing,CC-3001,Marketing Spend,42451.53
2024-09-01,2024,9,Q3,Marketing,CC-3001,Marketing Spend,153688.55
2024-10-01,2024,10,Q4,Marketing,CC-3001,Marketing Spend,76398.11
2024-11-01,2024,11,Q4,Marketing,CC-3001,Marketing Spend,188607.31
2024-12-01,2024,12,Q4,Marketing,CC-3001,Marketing Spend,117739.92
2025-01-01,2025,1,Q1,Marketing,CC-3001,Marketing Spend,336968.54
2025-02-01,2025,2,Q1,Marketing,CC-3001,Marketing Spend,48765.78
2025-03-01,2025,3,Q1,Marketing,CC-3001,Marketing Spend,84064.68
2023-01-01,2023,1,Q1,Marketing,CC-3001,Software,43348.18
2023-02-01,2023,2,Q1,Marketing,CC-3001,Software,55384.4
2023-03-01,2023,3,Q1,Marketing,CC-3001,Software,28265.65
2023-04-01,2023,4,Q2,Marketing,CC-3001,Software,53878.56
2023-05-01,2023,5,Q2,Marketing,CC-3001,Software,33436.84
2023-06-01,2023,6,Q2,Marketing,CC-3001,Software,60457.18
2023-07-01,2023,7,Q3,Marketing,CC-3001,Software,52616.05
2023-08-01,2023,8,Q3,Marketing,CC-3001,Software,41113.68
2023-09-01,2023,9,Q3,Marketing,CC-3001,Software,26758.77
2023-10-01,2023,10,Q4,Marketing,CC-3001,Software,51473.15
2023-11-01,2023,11,Q4,Marketing,CC-3001,Software,69882.31
2023-12-01,2023,12,Q4,Marketing,CC-3001,Software,56570.19
2024-01-01,2024,1,Q1,Marketing,CC-3001,Software,77095.62
2024-02-01,2024,2,Q1,Marketing,CC-3001,Software,8728.15
2024-03-01,2024,3,Q1,Marketing,CC-3001,Software,40627.77
2024-04-01,2024,4,Q2,Marketing,CC-3001,Software,73013.54
2024-05-01,2024,5,Q2,Marketing,CC-3001,Software,16397.26
2024-06-01,2024,6,Q2,Marketing,CC-3001,Software,32331.1
2024-07-01,2024,7,Q3,Marketing,CC-3001,Software,66981.01
2024-08-01,2024,8,Q3,Marketing,CC-3001,Software,77001.87
2024-09-01,2024,9,Q3,Marketing,CC-3001,Software,60477.67
2024-10-01,2024,10,Q4,Marketing,CC-3001,Software,8395.69
2024-11-01,2024,11,Q4,Marketing,CC-3001,Software,21486.0
2024-12-01,2024,12,Q4,Marketing,CC-3001,Software,20578.3
2025-01-01,2025,1,Q1,Marketing,CC-3001,Software,67382.36
2025-02-01,2025,2,Q1,Marketing,CC-3001,Software,44867.73
2025-03-01,2025,3,Q1,Marketing,CC-3001,Software,12704.11
2023-01-01,2023,1,Q1,Marketing,CC-3001,Utilities,21195.23
2023-02-01,2023,2,Q1,Marketing,CC-3001,Utilities,23183.34
2023-03-01,2023,3,Q1,Marketing,CC-3001,Utilities,23913.2
2023-04-01,2023,4,Q2,Marketing,CC-3001,Utilities,4888.12
2023-05-01,2023,5,Q2,Marketing,CC-3001,Utilities,20241.04
2023-06-01,2023,6,Q2,Marketing,CC-3001,Utilities,18662.24
2023-07-01,2023,7,Q3,Marketing,CC-3001,Utilities,23361.87
2023-08-01,2023,8,Q3,Marketing,CC-3001,Utilities,3771.94
2023-09-01,2023,9,Q3,Marketing,CC-3001,Utilities,3224.01
2023-10-01,2023,10,Q4,Marketing,CC-3001,Utilities,20989.39
2023-11-01,2023,11,Q4,Marketing,CC-3001,Utilities,15572.31
2023-12-01,2023,12,Q4,Marketing,CC-3001,Utilities,26155.14
2024-01-01,2024,1,Q1,Marketing,CC-3001,Utilities,24976.24
2024-02-01,2024,2,Q1,Marketing,CC-3001,Utilities,14954.81
2024-03-01,2024,3,Q1,Marketing,CC-3001,Utilities,10573.54
2024-04-01,2024,4,Q2,Marketing,CC-3001,Utilities,54417.98
2024-05-01,2024,5,Q2,Marketing,CC-3001,Utilities,6211.08
2024-06-01,2024,6,Q2,Marketing,CC-3001,Utilities,5831.97
2024-07-01,2024,7,Q3,Marketing,CC-3001,Utilities,23438.86
2024-08-01,2024,8,Q3,Marketing,CC-3001,Utilities,24795.77
2024-09-01,2024,9,Q3,Marketing,CC-3001,Utilities,31548.73
2024-10-01,2024,10,Q4,Marketing,CC-3001,Utilities,31095.73
2024-11-01,2024,11,Q4,Marketing,CC-3001,Utilities,23460.53
2024-12-01,2024,12,Q4,Marketing,CC-3001,Utilities,27142.83
2025-01-01,2025,1,Q1,Marketing,CC-3001,Utilities,21961.33
2025-02-01,2025,2,Q1,Marketing,CC-3001,Utilities,12718.86
2025-03-01,2025,3,Q1,Marketing,CC-3001,Utilities,18951.15
2023-01-01,2023,1,Q1,Marketing,CC-3001,Headcount,72.11
2023-02-01,2023,2,Q1,Marketing,CC-3001,Headcount,32.39
2023-03-01,2023,3,Q1,Marketing,CC-3001,Headcount,109.12
2023-04-01,2023,4,Q2,Marketing,CC-3001,Headcount,116.68
2023-05-01,2023,5,Q2,Marketing,CC-3001,Headcount,99.71
2023-06-01,2023,6,Q2,Marketing,CC-3001,Headcount,88.05
2023-07-01,2023,7,Q3,Marketing,CC-3001,Headcount,63.0
2023-08-01,2023,8,Q3,Marketing,CC-3001,Headcount,83.75
2023-09-01,2023,9,Q3,Marketing,CC-3001,Headcount,40.55
2023-10-01,2023,10,Q4,Marketing,CC-3001,Headcount,19.13
2023-11-01,2023,11,Q4,Marketing,CC-3001,Headcount,32.24
2023-12-01,2023,12,Q4,Marketing,CC-3001,Headcount,50.59
2024-01-01,2024,1,Q1,Marketing,CC-3001,Headcount,57.16
2024-02-01,2024,2,Q1,Marketing,CC-3001,Headcount,29.83
2024-03-01,2024,3,Q1,Marketing,CC-3001,Headcount,61.31
2024-04-01,2024,4,Q2,Marketing,CC-3001,Headcount,56.58
2024-05-01,2024,5,Q2,Marketing,CC-3001,Headcount,73.78
2024-06-01,2024,6,Q2,Marketing,CC-3001,Headcount,76.57
2024-07-01,2024,7,Q3,Marketing,CC-3001,Headcount,52.25
2024-08-01,2024,8,Q3,Marketing,CC-3001,Headcount,6.97
2024-09-01,2024,9,Q3,Marketing,CC-3001,Headcount,49.59
2024-10-01,2024,10,Q4,Marketing,CC-3001,Headcount,35.14
2024-11-01,2024,11,Q4,Marketing,CC-3001,Headcount,43.11
2024-12-01,2024,12,Q4,Marketing,CC-3001,Headcount,14.16
2025-01-01,2025,1,Q1,Marketing,CC-3001,Headcount,103.03
2025-02-01,2025,2,Q1,Marketing,CC-3001,Headcount,135.96
2025-03-01,2025,3,Q1,Marketing,CC-3001,Headcount,62.12
2023-01-01,2023,1,Q1,HR,CC-4001,Salaries,187502.97
2023-02-01,2023,2,Q1,HR,CC-4001,Salaries,676783.16
2023-03-01,2023,3,Q1,HR,CC-4001,Salaries,370188.46
2023-04-01,2023,4,Q2,HR,CC-4001,Salaries,867205.14
2023-05-01,2023,5,Q2,HR,CC-4001,Salaries,516987.55
2023-06-01,2023,6,Q2,HR,CC-4001,Salaries,660555.31
2023-07-01,2023,7,Q3,HR,CC-4001,Salaries,426754.59
2023-08-01,2023,8,Q3,HR,CC-4001,Salaries,509434.01
2023-09-01,2023,9,Q3,HR,CC-4001,Salaries,769356.63
2023-10-01,2023,10,Q4,HR,CC-4001,Salaries,575906.62
2023-11-01,2023,11,Q4,HR,CC-4001,Salaries,844695.92
2023-12-01,2023,12,Q4,HR,CC-4001,Salaries,573019.47
2024-01-01,2024,1,Q1,HR,CC-4001,Salaries,598237.38
2024-02-01,2024,2,Q1,HR,CC-4001,Salaries,590920.53
2024-03-01,2024,3,Q1,HR,CC-4001,Salaries,495611.64
2024-04-01,2024,4,Q2,HR,CC-4001,Salaries,829240.38
2024-05-01,2024,5,Q2,HR,CC-4001,Salaries,506206.33
2024-06-01,2024,6,Q2,HR,CC-4001,Salaries,557479.36
2024-07-01,2024,7,Q3,HR,CC-4001,Salaries,818712.29
2024-08-01,2024,8,Q3,HR,CC-4001,Salaries,439619.86
2024-09-01,2024,9,Q3,HR,CC-4001,Salaries,509168.8
2024-10-01,2024,10,Q4,HR,CC-4001,Salaries,674447.35
2024-11-01,2024,11,Q4,HR,CC-4001,Salaries,745923.5
2024-12-01,2024,12,Q4,HR,CC-4001,Salaries,812143.98
2025-01-01,2025,1,Q1,HR,CC-4001,Salaries,645083.59
2025-02-01,2025,2,Q1,HR,CC-4001,Salaries,802460.16
2025-03-01,2025,3,Q1,HR,CC-4001,Salaries,648778.63
2023-01-01,2023,1,Q1,HR,CC-4001,OPEX,167807.97
2023-02-01,2023,2,Q1,HR,CC-4001,OPEX,67774.68
2023-03-01,2023,3,Q1,HR,CC-4001,OPEX,83307.51
2023-04-01,2023,4,Q2,HR,CC-4001,OPEX,139673.45
2023-05-01,2023,5,Q2,HR,CC-4001,OPEX,120927.51
2023-06-01,2023,6,Q2,HR,CC-4001,OPEX,49232.65
2023-07-01,2023,7,Q3,HR,CC-4001,OPEX,83086.54
2023-08-01,2023,8,Q3,HR,CC-4001,OPEX,119808.09
2023-09-01,2023,9,Q3,HR,CC-4001,OPEX,43831.5
2023-10-01,2023,10,Q4,HR,CC-4001,OPEX,135781.84
2023-11-01,2023,11,Q4,HR,CC-4001,OPEX,53000.04
2023-12-01,2023,12,Q4,HR,CC-4001,OPEX,60143.66
2024-01-01,2024,1,Q1,HR,CC-4001,OPEX,110965.84
2024-02-01,2024,2,Q1,HR,CC-4001,OPEX,40051.04
2024-03-01,2024,3,Q1,HR,CC-4001,OPEX,83473.67
2024-04-01,2024,4,Q2,HR,CC-4001,OPEX,92331.9
2024-05-01,2024,5,Q2,HR,CC-4001,OPEX,89873.2
2024-06-01,2024,6,Q2,HR,CC-4001,OPEX,128212.47
2024-07-01,2024,7,Q3,HR,CC-4001,OPEX,70152.68
2024-08-01,2024,8,Q3,HR,CC-4001,OPEX,114178.07
2024-09-01,2024,9,Q3,HR,CC-4001,OPEX,50907.86
2024-10-01,2024,10,Q4,HR,CC-4001,OPEX,58834.78
2024-11-01,2024,11,Q4,HR,CC-4001,OPEX,155293.8
2024-12-01,2024,12,Q4,HR,CC-4001,OPEX,141105.9
2025-01-01,2025,1,Q1,HR,CC-4001,OPEX,126569.26
2025-02-01,2025,2,Q1,HR,CC-4001,OPEX,168758.15
2025-03-01,2025,3,Q1,HR,CC-4001,OPEX,152480.49
2023-01-01,2023,1,Q1,HR,CC-4001,Capex,122621.12
2023-02-01,2023,2,Q1,HR,CC-4001,Capex,99651.66
2023-03-01,2023,3,Q1,HR,CC-4001,Capex,177859.43
2023-04-01,2023,4,Q2,HR,CC-4001,Capex,139351.95
2023-05-01,2023,5,Q2,HR,CC-4001,Capex,103867.21
2023-06-01,2023,6,Q2,HR,CC-4001,Capex,91928.38
2023-07-01,2023,7,Q3,HR,CC-4001,Capex,242696.87
2023-08-01,2023,8,Q3,HR,CC-4001,Capex,26849.16
2023-09-01,2023,9,Q3,HR,CC-4001,Capex,105031.53
2023-10-01,2023,10,Q4,HR,CC-4001,Capex,31032.81
2023-11-01,2023,11,Q4,HR,CC-4001,Capex,24534.84
2023-12-01,2023,12,Q4,HR,CC-4001,Capex,67095.02
2024-01-01,2024,1,Q1,HR,CC-4001,Capex,105973.17
2024-02-01,2024,2,Q1,HR,CC-4001,Capex,73328.8
2024-03-01,2024,3,Q1,HR,CC-4001,Capex,148306.04
2024-04-01,2024,4,Q2,HR,CC-4001,Capex,138746.34
2024-05-01,2024,5,Q2,HR,CC-4001,Capex,151488.49
2024-06-01,2024,6,Q2,HR,CC-4001,Capex,160366.39
2024-07-01,2024,7,Q3,HR,CC-4001,Capex,94203.4
2024-08-01,2024,8,Q3,HR,CC-4001,Capex,121879.0
2024-09-01,2024,9,Q3,HR,CC-4001,Capex,22003.47
2024-10-01,2024,10,Q4,HR,CC-4001,Capex,73930.3
2024-11-01,2024,11,Q4,HR,CC-4001,Capex,40277.31
2024-12-01,2024,12,Q4,HR,CC-4001,Capex,101152.05
2025-01-01,2025,1,Q1,HR,CC-4001,Capex,118229.88
2025-02-01,2025,2,Q1,HR,CC-4001,Capex,182710.38
2025-03-01,2025,3,Q1,HR,CC-4001,Capex,49885.18
2023-01-01,2023,1,Q1,HR,CC-4001,T&E,23128.01
2023-02-01,2023,2,Q1,HR,CC-4001,T&E,18891.92
2023-03-01,2023,3,Q1,HR,CC-4001,T&E,20526.03
2023-04-01,2023,4,Q2,HR,CC-4001,T&E,47404.98
2023-05-01,2023,5,Q2,HR,CC-4001,T&E,38151.08
2023-06-01,2023,6,Q2,HR,CC-4001,T&E,29458.29
2023-07-01,2023,7,Q3,HR,CC-4001,T&E,28440.57
2023-08-01,2023,8,Q3,HR,CC-4001,T&E,4699.43
2023-09-01,2023,9,Q3,HR,CC-4001,T&E,4222.17
2023-10-01,2023,10,Q4,HR,CC-4001,T&E,6581.79
2023-11-01,2023,11,Q4,HR,CC-4001,T&E,10402.75
2023-12-01,2023,12,Q4,HR,CC-4001,T&E,15266.01
2024-01-01,2024,1,Q1,HR,CC-4001,T&E,10197.53
2024-02-01,2024,2,Q1,HR,CC-4001,T&E,28622.65
2024-03-01,2024,3,Q1,HR,CC-4001,T&E,42640.14
2024-04-01,2024,4,Q2,HR,CC-4001,T&E,18607.76
2024-05-01,2024,5,Q2,HR,CC-4001,T&E,40667.53
2024-06-01,2024,6,Q2,HR,CC-4001,T&E,11690.93
2024-07-01,2024,7,Q3,HR,CC-4001,T&E,16172.36
2024-08-01,2024,8,Q3,HR,CC-4001,T&E,4134.69
2024-09-01,2024,9,Q3,HR,CC-4001,T&E,10775.36
2024-10-01,2024,10,Q4,HR,CC-4001,T&E,16801.94
2024-11-01,2024,11,Q4,HR,CC-4001,T&E,6616.5
2024-12-01,2024,12,Q4,HR,CC-4001,T&E,12181.73
2025-01-01,2025,1,Q1,HR,CC-4001,T&E,11397.27
2025-02-01,2025,2,Q1,HR,CC-4001,T&E,12472.16
2025-03-01,2025,3,Q1,HR,CC-4001,T&E,13333.44
2023-01-01,2023,1,Q1,HR,CC-4001,Marketing Spend,70766.66
2023-02-01,2023,2,Q1,HR,CC-4001,Marketing Spend,298894.01
2023-03-01,2023,3,Q1,HR,CC-4001,Marketing Spend,55344.3
2023-04-01,2023,4,Q2,HR,CC-4001,Marketing Spend,32851.7
2023-05-01,2023,5,Q2,HR,CC-4001,Marketing Spend,169653.63
2023-06-01,2023,6,Q2,HR,CC-4001,Marketing Spend,29187.02
2023-07-01,2023,7,Q3,HR,CC-4001,Marketing Spend,45906.55
2023-08-01,2023,8,Q3,HR,CC-4001,Marketing Spend,201562.46
2023-09-01,2023,9,Q3,HR,CC-4001,Marketing Spend,192424.28
2023-10-01,2023,10,Q4,HR,CC-4001,Marketing Spend,144327.63
2023-11-01,2023,11,Q4,HR,CC-4001,Marketing Spend,271248.06
2023-12-01,2023,12,Q4,HR,CC-4001,Marketing Spend,188177.38
2024-01-01,2024,1,Q1,HR,CC-4001,Marketing Spend,227449.95
2024-02-01,2024,2,Q1,HR,CC-4001,Marketing Spend,15929.86
2024-03-01,2024,3,Q1,HR,CC-4001,Marketing Spend,397459.78
2024-04-01,2024,4,Q2,HR,CC-4001,Marketing Spend,124870.41
2024-05-01,2024,5,Q2,HR,CC-4001,Marketing Spend,187808.8
2024-06-01,2024,6,Q2,HR,CC-4001,Marketing Spend,276182.67
2024-07-01,2024,7,Q3,HR,CC-4001,Marketing Spend,224326.69
2024-08-01,2024,8,Q3,HR,CC-4001,Marketing Spend,37886.58
2024-09-01,2024,9,Q3,HR,CC-4001,Marketing Spend,297424.09
2024-10-01,2024,10,Q4,HR,CC-4001,Marketing Spend,223069.1
2024-11-01,2024,11,Q4,HR,CC-4001,Marketing Spend,173395.58
2024-12-01,2024,12,Q4,HR,CC-4001,Marketing Spend,204760.47
2025-01-01,2025,1,Q1,HR,CC-4001,Marketing Spend,137725.49
2025-02-01,2025,2,Q1,HR,CC-4001,Marketing Spend,332205.49
2025-03-01,2025,3,Q1,HR,CC-4001,Marketing Spend,526104.88
2023-01-01,2023,1,Q1,HR,CC-4001,Software,32340.46
2023-02-01,2023,2,Q1,HR,CC-4001,Software,91867.39
2023-03-01,2023,3,Q1,HR,CC-4001,Software,11502.57
2023-04-01,2023,4,Q2,HR,CC-4001,Software,80718.05
2023-05-01,2023,5,Q2,HR,CC-4001,Software,86806.52
2023-06-01,2023,6,Q2,HR,CC-4001,Software,30929.75
2023-07-01,2023,7,Q3,HR,CC-4001,Software,28014.66
2023-08-01,2023,8,Q3,HR,CC-4001,Software,17613.28
2023-09-01,2023,9,Q3,HR,CC-4001,Software,48739.25
2023-10-01,2023,10,Q4,HR,CC-4001,Software,27564.29
2023-11-01,2023,11,Q4,HR,CC-4001,Software,77945.87
2023-12-01,2023,12,Q4,HR,CC-4001,Software,11822.66
2024-01-01,2024,1,Q1,HR,CC-4001,Software,40946.33
2024-02-01,2024,2,Q1,HR,CC-4001,Software,26519.34
2024-03-01,2024,3,Q1,HR,CC-4001,Software,23246.29
2024-04-01,2024,4,Q2,HR,CC-4001,Software,13498.71
2024-05-01,2024,5,Q2,HR,CC-4001,Software,29203.72
2024-06-01,2024,6,Q2,HR,CC-4001,Software,13651.78
2024-07-01,2024,7,Q3,HR,CC-4001,Software,56271.89
2024-08-01,2024,8,Q3,HR,CC-4001,Software,31057.17
2024-09-01,2024,9,Q3,HR,CC-4001,Software,55232.67
2024-10-01,2024,10,Q4,HR,CC-4001,Software,53479.73
2024-11-01,2024,11,Q4,HR,CC-4001,Software,63214.78
2024-12-01,2024,12,Q4,HR,CC-4001,Software,58488.52
2025-01-01,2025,1,Q1,HR,CC-4001,Software,69437.54
2025-02-01,2025,2,Q1,HR,CC-4001,Software,76597.36
2025-03-01,2025,3,Q1,HR,CC-4001,Software,33485.74
2023-01-01,2023,1,Q1,HR,CC-4001,Utilities,24215.51
2023-02-01,2023,2,Q1,HR,CC-4001,Utilities,22852.4
2023-03-01,2023,3,Q1,HR,CC-4001,Utilities,15159.08
2023-04-01,2023,4,Q2,HR,CC-4001,Utilities,50398.53
2023-05-01,2023,5,Q2,HR,CC-4001,Utilities,10249.02
2023-06-01,2023,6,Q2,HR,CC-4001,Utilities,18565.89
2023-07-01,2023,7,Q3,HR,CC-4001,Utilities,18933.17
2023-08-01,2023,8,Q3,HR,CC-4001,Utilities,9023.74
2023-09-01,2023,9,Q3,HR,CC-4001,Utilities,10318.95
2023-10-01,2023,10,Q4,HR,CC-4001,Utilities,18054.78
2023-11-01,2023,11,Q4,HR,CC-4001,Utilities,22665.79
2023-12-01,2023,12,Q4,HR,CC-4001,Utilities,6958.66
2024-01-01,2024,1,Q1,HR,CC-4001,Utilities,12184.19
2024-02-01,2024,2,Q1,HR,CC-4001,Utilities,27668.27
2024-03-01,2024,3,Q1,HR,CC-4001,Utilities,6223.95
2024-04-01,2024,4,Q2,HR,CC-4001,Utilities,19111.41
2024-05-01,2024,5,Q2,HR,CC-4001,Utilities,33298.39
2024-06-01,2024,6,Q2,HR,CC-4001,Utilities,26746.92
2024-07-01,2024,7,Q3,HR,CC-4001,Utilities,17794.87
2024-08-01,2024,8,Q3,HR,CC-4001,Utilities,17405.81
2024-09-01,2024,9,Q3,HR,CC-4001,Utilities,20802.04
2024-10-01,2024,10,Q4,HR,CC-4001,Utilities,16666.9
2024-11-01,2024,11,Q4,HR,CC-4001,Utilities,15412.32
2024-12-01,2024,12,Q4,HR,CC-4001,Utilities,15904.33
2025-01-01,2025,1,Q1,HR,CC-4001,Utilities,5820.06
2025-02-01,2025,2,Q1,HR,CC-4001,Utilities,9298.18
2025-03-01,2025,3,Q1,HR,CC-4001,Utilities,28796.25
2023-01-01,2023,1,Q1,HR,CC-4001,Headcount,51.62
2023-02-01,2023,2,Q1,HR,CC-4001,Headcount,17.27
2023-03-01,2023,3,Q1,HR,CC-4001,Headcount,10.94
2023-04-01,2023,4,Q2,HR,CC-4001,Headcount,88.51
2023-05-01,2023,5,Q2,HR,CC-4001,Headcount,92.48
2023-06-01,2023,6,Q2,HR,CC-4001,Headcount,37.2
2023-07-01,2023,7,Q3,HR,CC-4001,Headcount,99.08
2023-08-01,2023,8,Q3,HR,CC-4001,Headcount,101.76
2023-09-01,2023,9,Q3,HR,CC-4001,Headcount,47.16
2023-10-01,2023,10,Q4,HR,CC-4001,Headcount,56.49
2023-11-01,2023,11,Q4,HR,CC-4001,Headcount,27.29
2023-12-01,2023,12,Q4,HR,CC-4001,Headcount,94.85
2024-01-01,2024,1,Q1,HR,CC-4001,Headcount,173.55
2024-02-01,2024,2,Q1,HR,CC-4001,Headcount,100.14
2024-03-01,2024,3,Q1,HR,CC-4001,Headcount,66.9
2024-04-01,2024,4,Q2,HR,CC-4001,Headcount,72.64
2024-05-01,2024,5,Q2,HR,CC-4001,Headcount,34.99
2024-06-01,2024,6,Q2,HR,CC-4001,Headcount,226.32
2024-07-01,2024,7,Q3,HR,CC-4001,Headcount,20.54
2024-08-01,2024,8,Q3,HR,CC-4001,Headcount,85.51
2024-09-01,2024,9,Q3,HR,CC-4001,Headcount,90.82
2024-10-01,2024,10,Q4,HR,CC-4001,Headcount,18.62
2024-11-01,2024,11,Q4,HR,CC-4001,Headcount,58.41
2024-12-01,2024,12,Q4,HR,CC-4001,Headcount,14.93
2025-01-01,2025,1,Q1,HR,CC-4001,Headcount,107.92
2025-02-01,2025,2,Q1,HR,CC-4001,Headcount,71.52
2025-03-01,2025,3,Q1,HR,CC-4001,Headcount,16.41
2023-01-01,2023,1,Q1,Operations,CC-5001,Salaries,608097.38
2023-02-01,2023,2,Q1,Operations,CC-5001,Salaries,236644.26
2023-03-01,2023,3,Q1,Operations,CC-5001,Salaries,899150.97
2023-04-01,2023,4,Q2,Operations,CC-5001,Salaries,665662.38
2023-05-01,2023,5,Q2,Operations,CC-5001,Salaries,638546.93
2023-06-01,2023,6,Q2,Operations,CC-5001,Salaries,872573.02
2023-07-01,2023,7,Q3,Operations,CC-5001,Salaries,588027.7
2023-08-01,2023,8,Q3,Operations,CC-5001,Salaries,558866.47
2023-09-01,2023,9,Q3,Operations,CC-5001,Salaries,932326.84
2023-10-01,2023,10,Q4,Operations,CC-5001,Salaries,525915.1
2023-11-01,2023,11,Q4,Operations,CC-5001,Salaries,642725.57
2023-12-01,2023,12,Q4,Operations,CC-5001,Salaries,717485.87
2024-01-01,2024,1,Q1,Operations,CC-5001,Salaries,168351.08
2024-02-01,2024,2,Q1,Operations,CC-5001,Salaries,1017889.29
2024-03-01,2024,3,Q1,Operations,CC-5001,Salaries,1091548.94
2024-04-01,2024,4,Q2,Operations,CC-5001,Salaries,982352.59
2024-05-01,2024,5,Q2,Operations,CC-5001,Salaries,464605.26
2024-06-01,2024,6,Q2,Operations,CC-5001,Salaries,632963.85
2024-07-01,2024,7,Q3,Operations,CC-5001,Salaries,157984.98
2024-08-01,2024,8,Q3,Operations,CC-5001,Salaries,649554.26
2024-09-01,2024,9,Q3,Operations,CC-5001,Salaries,393420.8
2024-10-01,2024,10,Q4,Operations,CC-5001,Salaries,587158.51
2024-11-01,2024,11,Q4,Operations,CC-5001,Salaries,641628.08
2024-12-01,2024,12,Q4,Operations,CC-5001,Salaries,699244.99
2025-01-01,2025,1,Q1,Operations,CC-5001,Salaries,652496.08
2025-02-01,2025,2,Q1,Operations,CC-5001,Salaries,1080917.3
2025-03-01,2025,3,Q1,Operations,CC-5001,Salaries,736878.88
2023-01-01,2023,1,Q1,Operations,CC-5001,OPEX,151951.67
2023-02-01,2023,2,Q1,Operations,CC-5001,OPEX,175456.15
2023-03-01,2023,3,Q1,Operations,CC-5001,OPEX,61720.21
2023-04-01,2023,4,Q2,Operations,CC-5001,OPEX,143856.16
2023-05-01,2023,5,Q2,Operations,CC-5001,OPEX,195406.34
2023-06-01,2023,6,Q2,Operations,CC-5001,OPEX,185776.31
2023-07-01,2023,7,Q3,Operations,CC-5001,OPEX,297081.07
2023-08-01,2023,8,Q3,Operations,CC-5001,OPEX,142041.65
2023-09-01,2023,9,Q3,Operations,CC-5001,OPEX,86028.85
2023-10-01,2023,10,Q4,Operations,CC-5001,OPEX,68443.71
2023-11-01,2023,11,Q4,Operations,CC-5001,OPEX,182384.59
2023-12-01,2023,12,Q4,Operations,CC-5001,OPEX,177733.19
2024-01-01,2024,1,Q1,Operations,CC-5001,OPEX,190533.75
2024-02-01,2024,2,Q1,Operations,CC-5001,OPEX,348367.12
2024-03-01,2024,3,Q1,Operations,CC-5001,OPEX,254805.7
2024-04-01,2024,4,Q2,Operations,CC-5001,OPEX,89306.8
2024-05-01,2024,5,Q2,Operations,CC-5001,OPEX,125868.28
2024-06-01,2024,6,Q2,Operations,CC-5001,OPEX,123597.65
2024-07-01,2024,7,Q3,Operations,CC-5001,OPEX,138889.61
2024-08-01,2024,8,Q3,Operations,CC-5001,OPEX,64313.54
2024-09-01,2024,9,Q3,Operations,CC-5001,OPEX,120000.34
2024-10-01,2024,10,Q4,Operations,CC-5001,OPEX,173156.28
2024-11-01,2024,11,Q4,Operations,CC-5001,OPEX,101308.87
2024-12-01,2024,12,Q4,Operations,CC-5001,OPEX,123187.13
2025-01-01,2025,1,Q1,Operations,CC-5001,OPEX,198017.03
2025-02-01,2025,2,Q1,Operations,CC-5001,OPEX,139678.5
2025-03-01,2025,3,Q1,Operations,CC-5001,OPEX,185105.2
2023-01-01,2023,1,Q1,Operations,CC-5001,Capex,134004.16
2023-02-01,2023,2,Q1,Operations,CC-5001,Capex,69424.45
2023-03-01,2023,3,Q1,Operations,CC-5001,Capex,31822.13
2023-04-01,2023,4,Q2,Operations,CC-5001,Capex,42191.99
2023-05-01,2023,5,Q2,Operations,CC-5001,Capex,25281.83
2023-06-01,2023,6,Q2,Operations,CC-5001,Capex,155005.88
2023-07-01,2023,7,Q3,Operations,CC-5001,Capex,42853.47
2023-08-01,2023,8,Q3,Operations,CC-5001,Capex,49066.75
2023-09-01,2023,9,Q3,Operations,CC-5001,Capex,33426.69
2023-10-01,2023,10,Q4,Operations,CC-5001,Capex,97807.72
2023-11-01,2023,11,Q4,Operations,CC-5001,Capex,65601.15
2023-12-01,2023,12,Q4,Operations,CC-5001,Capex,113251.64
2024-01-01,2024,1,Q1,Operations,CC-5001,Capex,229349.51
2024-02-01,2024,2,Q1,Operations,CC-5001,Capex,55475.07
2024-03-01,2024,3,Q1,Operations,CC-5001,Capex,24864.28
2024-04-01,2024,4,Q2,Operations,CC-5001,Capex,61281.35
2024-05-01,2024,5,Q2,Operations,CC-5001,Capex,44723.19
2024-06-01,2024,6,Q2,Operations,CC-5001,Capex,41975.37
2024-07-01,2024,7,Q3,Operations,CC-5001,Capex,81131.12
2024-08-01,2024,8,Q3,Operations,CC-5001,Capex,20588.18
2024-09-01,2024,9,Q3,Operations,CC-5001,Capex,71801.97
2024-10-01,2024,10,Q4,Operations,CC-5001,Capex,45294.12
2024-11-01,2024,11,Q4,Operations,CC-5001,Capex,52613.72
2024-12-01,2024,12,Q4,Operations,CC-5001,Capex,128307.56
2025-01-01,2025,1,Q1,Operations,CC-5001,Capex,36269.42
2025-02-01,2025,2,Q1,Operations,CC-5001,Capex,57914.9
2025-03-01,2025,3,Q1,Operations,CC-5001,Capex,98974.48
2023-01-01,2023,1,Q1,Operations,CC-5001,T&E,10940.87
2023-02-01,2023,2,Q1,Operations,CC-5001,T&E,20364.29
2023-03-01,2023,3,Q1,Operations,CC-5001,T&E,20661.14
2023-04-01,2023,4,Q2,Operations,CC-5001,T&E,17794.75
2023-05-01,2023,5,Q2,Operations,CC-5001,T&E,8522.07
2023-06-01,2023,6,Q2,Operations,CC-5001,T&E,19581.33
2023-07-01,2023,7,Q3,Operations,CC-5001,T&E,6755.53
2023-08-01,2023,8,Q3,Operations,CC-5001,T&E,35138.03
2023-09-01,2023,9,Q3,Operations,CC-5001,T&E,16842.33
2023-10-01,2023,10,Q4,Operations,CC-5001,T&E,8164.05
2023-11-01,2023,11,Q4,Operations,CC-5001,T&E,14689.53
2023-12-01,2023,12,Q4,Operations,CC-5001,T&E,15365.01
2024-01-01,2024,1,Q1,Operations,CC-5001,T&E,58302.77
2024-02-01,2024,2,Q1,Operations,CC-5001,T&E,9797.74
2024-03-01,2024,3,Q1,Operations,CC-5001,T&E,51768.11
2024-04-01,2024,4,Q2,Operations,CC-5001,T&E,34297.0
2024-05-01,2024,5,Q2,Operations,CC-5001,T&E,31858.06
2024-06-01,2024,6,Q2,Operations,CC-5001,T&E,12671.1
2024-07-01,2024,7,Q3,Operations,CC-5001,T&E,23199.44
2024-08-01,2024,8,Q3,Operations,CC-5001,T&E,27551.39
2024-09-01,2024,9,Q3,Operations,CC-5001,T&E,33461.07
2024-10-01,2024,10,Q4,Operations,CC-5001,T&E,35455.36
2024-11-01,2024,11,Q4,Operations,CC-5001,T&E,31427.26
2024-12-01,2024,12,Q4,Operations,CC-5001,T&E,29305.9
2025-01-01,2025,1,Q1,Operations,CC-5001,T&E,28944.31
2025-02-01,2025,2,Q1,Operations,CC-5001,T&E,28249.33
2025-03-01,2025,3,Q1,Operations,CC-5001,T&E,10311.45
2023-01-01,2023,1,Q1,Operations,CC-5001,Marketing Spend,276799.58
2023-02-01,2023,2,Q1,Operations,CC-5001,Marketing Spend,190482.6
2023-03-01,2023,3,Q1,Operations,CC-5001,Marketing Spend,87844.24
2023-04-01,2023,4,Q2,Operations,CC-5001,Marketing Spend,203269.69
2023-05-01,2023,5,Q2,Operations,CC-5001,Marketing Spend,108075.65
2023-06-01,2023,6,Q2,Operations,CC-5001,Marketing Spend,109986.6
2023-07-01,2023,7,Q3,Operations,CC-5001,Marketing Spend,184272.05
2023-08-01,2023,8,Q3,Operations,CC-5001,Marketing Spend,105762.69
2023-09-01,2023,9,Q3,Operations,CC-5001,Marketing Spend,116204.07
2023-10-01,2023,10,Q4,Operations,CC-5001,Marketing Spend,188512.34
2023-11-01,2023,11,Q4,Operations,CC-5001,Marketing Spend,90244.71
2023-12-01,2023,12,Q4,Operations,CC-5001,Marketing Spend,223267.49
2024-01-01,2024,1,Q1,Operations,CC-5001,Marketing Spend,89611.41
2024-02-01,2024,2,Q1,Operations,CC-5001,Marketing Spend,100630.88
2024-03-01,2024,3,Q1,Operations,CC-5001,Marketing Spend,36552.8
2024-04-01,2024,4,Q2,Operations,CC-5001,Marketing Spend,59334.76
2024-05-01,2024,5,Q2,Operations,CC-5001,Marketing Spend,276485.91
2024-06-01,2024,6,Q2,Operations,CC-5001,Marketing Spend,308237.76
2024-07-01,2024,7,Q3,Operations,CC-5001,Marketing Spend,163064.76
2024-08-01,2024,8,Q3,Operations,CC-5001,Marketing Spend,94363.89
2024-09-01,2024,9,Q3,Operations,CC-5001,Marketing Spend,99292.16
2024-10-01,2024,10,Q4,Operations,CC-5001,Marketing Spend,108029.59
2024-11-01,2024,11,Q4,Operations,CC-5001,Marketing Spend,60358.17
2024-12-01,2024,12,Q4,Operations,CC-5001,Marketing Spend,101799.41
2025-01-01,2025,1,Q1,Operations,CC-5001,Marketing Spend,205098.4
2025-02-01,2025,2,Q1,Operations,CC-5001,Marketing Spend,62496.45
2025-03-01,2025,3,Q1,Operations,CC-5001,Marketing Spend,112060.33
2023-01-01,2023,1,Q1,Operations,CC-5001,Software,44813.83
2023-02-01,2023,2,Q1,Operations,CC-5001,Software,60533.52
2023-03-01,2023,3,Q1,Operations,CC-5001,Software,44043.0
2023-04-01,2023,4,Q2,Operations,CC-5001,Software,53822.29
2023-05-01,2023,5,Q2,Operations,CC-5001,Software,60145.07
2023-06-01,2023,6,Q2,Operations,CC-5001,Software,19979.02
2023-07-01,2023,7,Q3,Operations,CC-5001,Software,11375.96
2023-08-01,2023,8,Q3,Operations,CC-5001,Software,49792.81
2023-09-01,2023,9,Q3,Operations,CC-5001,Software,50924.42
2023-10-01,2023,10,Q4,Operations,CC-5001,Software,27780.6
2023-11-01,2023,11,Q4,Operations,CC-5001,Software,43492.46
2023-12-01,2023,12,Q4,Operations,CC-5001,Software,69553.87
2024-01-01,2024,1,Q1,Operations,CC-5001,Software,42671.79
2024-02-01,2024,2,Q1,Operations,CC-5001,Software,12707.25
2024-03-01,2024,3,Q1,Operations,CC-5001,Software,95938.61
2024-04-01,2024,4,Q2,Operations,CC-5001,Software,59889.74
2024-05-01,2024,5,Q2,Operations,CC-5001,Software,66127.43
2024-06-01,2024,6,Q2,Operations,CC-5001,Software,36615.47
2024-07-01,2024,7,Q3,Operations,CC-5001,Software,36647.85
2024-08-01,2024,8,Q3,Operations,CC-5001,Software,25525.32
2024-09-01,2024,9,Q3,Operations,CC-5001,Software,49056.57
2024-10-01,2024,10,Q4,Operations,CC-5001,Software,15833.35
2024-11-01,2024,11,Q4,Operations,CC-5001,Software,15641.59
2024-12-01,2024,12,Q4,Operations,CC-5001,Software,63534.88
2025-01-01,2025,1,Q1,Operations,CC-5001,Software,25912.4
2025-02-01,2025,2,Q1,Operations,CC-5001,Software,42692.34
2025-03-01,2025,3,Q1,Operations,CC-5001,Software,71190.75
2023-01-01,2023,1,Q1,Operations,CC-5001,Utilities,11703.97
2023-02-01,2023,2,Q1,Operations,CC-5001,Utilities,18276.83
2023-03-01,2023,3,Q1,Operations,CC-5001,Utilities,19700.18
2023-04-01,2023,4,Q2,Operations,CC-5001,Utilities,12509.47
2023-05-01,2023,5,Q2,Operations,CC-5001,Utilities,12158.5
2023-06-01,2023,6,Q2,Operations,CC-5001,Utilities,5248.97
2023-07-01,2023,7,Q3,Operations,CC-5001,Utilities,2632.28
2023-08-01,2023,8,Q3,Operations,CC-5001,Utilities,15107.23
2023-09-01,2023,9,Q3,Operations,CC-5001,Utilities,9795.96
2023-10-01,2023,10,Q4,Operations,CC-5001,Utilities,22540.68
2023-11-01,2023,11,Q4,Operations,CC-5001,Utilities,23360.33
2023-12-01,2023,12,Q4,Operations,CC-5001,Utilities,32137.86
2024-01-01,2024,1,Q1,Operations,CC-5001,Utilities,5189.04
2024-02-01,2024,2,Q1,Operations,CC-5001,Utilities,21206.79
2024-03-01,2024,3,Q1,Operations,CC-5001,Utilities,20984.9
2024-04-01,2024,4,Q2,Operations,CC-5001,Utilities,21854.94
2024-05-01,2024,5,Q2,Operations,CC-5001,Utilities,21036.52
2024-06-01,2024,6,Q2,Operations,CC-5001,Utilities,29118.44
2024-07-01,2024,7,Q3,Operations,CC-5001,Utilities,7050.86
2024-08-01,2024,8,Q3,Operations,CC-5001,Utilities,9968.35
2024-09-01,2024,9,Q3,Operations,CC-5001,Utilities,15313.9
2024-10-01,2024,10,Q4,Operations,CC-5001,Utilities,21555.35
2024-11-01,2024,11,Q4,Operations,CC-5001,Utilities,17238.89
2024-12-01,2024,12,Q4,Operations,CC-5001,Utilities,22599.85
2025-01-01,2025,1,Q1,Operations,CC-5001,Utilities,12250.81
2025-02-01,2025,2,Q1,Operations,CC-5001,Utilities,6733.51
2025-03-01,2025,3,Q1,Operations,CC-5001,Utilities,24278.57
2023-01-01,2023,1,Q1,Operations,CC-5001,Headcount,79.02
2023-02-01,2023,2,Q1,Operations,CC-5001,Headcount,52.86
2023-03-01,2023,3,Q1,Operations,CC-5001,Headcount,53.22
2023-04-01,2023,4,Q2,Operations,CC-5001,Headcount,13.8
2023-05-01,2023,5,Q2,Operations,CC-5001,Headcount,107.57
2023-06-01,2023,6,Q2,Operations,CC-5001,Headcount,94.57
2023-07-01,2023,7,Q3,Operations,CC-5001,Headcount,93.03
2023-08-01,2023,8,Q3,Operations,CC-5001,Headcount,68.59
2023-09-01,2023,9,Q3,Operations,CC-5001,Headcount,74.18
2023-10-01,2023,10,Q4,Operations,CC-5001,Headcount,26.14
2023-11-01,2023,11,Q4,Operations,CC-5001,Headcount,79.07
2023-12-01,2023,12,Q4,Operations,CC-5001,Headcount,66.09
2024-01-01,2024,1,Q1,Operations,CC-5001,Headcount,20.2
2024-02-01,2024,2,Q1,Operations,CC-5001,Headcount,67.6
2024-03-01,2024,3,Q1,Operations,CC-5001,Headcount,41.21
2024-04-01,2024,4,Q2,Operations,CC-5001,Headcount,110.68
2024-05-01,2024,5,Q2,Operations,CC-5001,Headcount,32.74
2024-06-01,2024,6,Q2,Operations,CC-5001,Headcount,74.0
2024-07-01,2024,7,Q3,Operations,CC-5001,Headcount,22.61
2024-08-01,2024,8,Q3,Operations,CC-5001,Headcount,80.05
2024-09-01,2024,9,Q3,Operations,CC-5001,Headcount,65.66
2024-10-01,2024,10,Q4,Operations,CC-5001,Headcount,19.15
2024-11-01,2024,11,Q4,Operations,CC-5001,Headcount,49.18
2024-12-01,2024,12,Q4,Operations,CC-5001,Headcount,81.96
2025-01-01,2025,1,Q1,Operations,CC-5001,Headcount,34.21
2025-02-01,2025,2,Q1,Operations,CC-5001,Headcount,104.48
2025-03-01,2025,3,Q1,Operations,CC-5001,Headcount,202.93
2023-01-01,2023,1,Q1,Finance,CC-6001,Salaries,439235.36
2023-02-01,2023,2,Q1,Finance,CC-6001,Salaries,1008307.49
2023-03-01,2023,3,Q1,Finance,CC-6001,Salaries,547039.04
2023-04-01,2023,4,Q2,Finance,CC-6001,Salaries,737379.52
2023-05-01,2023,5,Q2,Finance,CC-6001,Salaries,696914.2
2023-06-01,2023,6,Q2,Finance,CC-6001,Salaries,614598.98
2023-07-01,2023,7,Q3,Finance,CC-6001,Salaries,254223.0
2023-08-01,2023,8,Q3,Finance,CC-6001,Salaries,443175.92
2023-09-01,2023,9,Q3,Finance,CC-6001,Salaries,458103.7
2023-10-01,2023,10,Q4,Finance,CC-6001,Salaries,172650.58
2023-11-01,2023,11,Q4,Finance,CC-6001,Salaries,425477.8
2023-12-01,2023,12,Q4,Finance,CC-6001,Salaries,751337.04
2024-01-01,2024,1,Q1,Finance,CC-6001,Salaries,769246.44
2024-02-01,2024,2,Q1,Finance,CC-6001,Salaries,1098840.06
2024-03-01,2024,3,Q1,Finance,CC-6001,Salaries,1001478.56
2024-04-01,2024,4,Q2,Finance,CC-6001,Salaries,433604.92
2024-05-01,2024,5,Q2,Finance,CC-6001,Salaries,756442.8
2024-06-01,2024,6,Q2,Finance,CC-6001,Salaries,720174.58
2024-07-01,2024,7,Q3,Finance,CC-6001,Salaries,623420.73
2024-08-01,2024,8,Q3,Finance,CC-6001,Salaries,657804.74
2024-09-01,2024,9,Q3,Finance,CC-6001,Salaries,627713.5
2024-10-01,2024,10,Q4,Finance,CC-6001,Salaries,699441.17
2024-11-01,2024,11,Q4,Finance,CC-6001,Salaries,776407.3
2024-12-01,2024,12,Q4,Finance,CC-6001,Salaries,564849.16
2025-01-01,2025,1,Q1,Finance,CC-6001,Salaries,623197.56
2025-02-01,2025,2,Q1,Finance,CC-6001,Salaries,781028.91
2025-03-01,2025,3,Q1,Finance,CC-6001,Salaries,869897.57
2023-01-01,2023,1,Q1,Finance,CC-6001,OPEX,166360.28
2023-02-01,2023,2,Q1,Finance,CC-6001,OPEX,59061.15
2023-03-01,2023,3,Q1,Finance,CC-6001,OPEX,77232.1
2023-04-01,2023,4,Q2,Finance,CC-6001,OPEX,206367.32
2023-05-01,2023,5,Q2,Finance,CC-6001,OPEX,80318.57
2023-06-01,2023,6,Q2,Finance,CC-6001,OPEX,101549.09
2023-07-01,2023,7,Q3,Finance,CC-6001,OPEX,56920.72
2023-08-01,2023,8,Q3,Finance,CC-6001,OPEX,33295.46
2023-09-01,2023,9,Q3,Finance,CC-6001,OPEX,53200.77
2023-10-01,2023,10,Q4,Finance,CC-6001,OPEX,49960.52
2023-11-01,2023,11,Q4,Finance,CC-6001,OPEX,139595.19
2023-12-01,2023,12,Q4,Finance,CC-6001,OPEX,128984.04
2024-01-01,2024,1,Q1,Finance,CC-6001,OPEX,111108.75
2024-02-01,2024,2,Q1,Finance,CC-6001,OPEX,105913.3
2024-03-01,2024,3,Q1,Finance,CC-6001,OPEX,152553.25
2024-04-01,2024,4,Q2,Finance,CC-6001,OPEX,62039.57
2024-05-01,2024,5,Q2,Finance,CC-6001,OPEX,71325.62
2024-06-01,2024,6,Q2,Finance,CC-6001,OPEX,51344.69
2024-07-01,2024,7,Q3,Finance,CC-6001,OPEX,103472.43
2024-08-01,2024,8,Q3,Finance,CC-6001,OPEX,117747.35
2024-09-01,2024,9,Q3,Finance,CC-6001,OPEX,65797.95
2024-10-01,2024,10,Q4,Finance,CC-6001,OPEX,58731.77
2024-11-01,2024,11,Q4,Finance,CC-6001,OPEX,50527.71
2024-12-01,2024,12,Q4,Finance,CC-6001,OPEX,120882.7
2025-01-01,2025,1,Q1,Finance,CC-6001,OPEX,99951.55
2025-02-01,2025,2,Q1,Finance,CC-6001,OPEX,128547.95
2025-03-01,2025,3,Q1,Finance,CC-6001,OPEX,193004.27
2023-01-01,2023,1,Q1,Finance,CC-6001,Capex,10232.8
2023-02-01,2023,2,Q1,Finance,CC-6001,Capex,165808.69
2023-03-01,2023,3,Q1,Finance,CC-6001,Capex,85990.62
2023-04-01,2023,4,Q2,Finance,CC-6001,Capex,91146.63
2023-05-01,2023,5,Q2,Finance,CC-6001,Capex,68414.87
2023-06-01,2023,6,Q2,Finance,CC-6001,Capex,140327.15
2023-07-01,2023,7,Q3,Finance,CC-6001,Capex,100939.13
2023-08-01,2023,8,Q3,Finance,CC-6001,Capex,35878.35
2023-09-01,2023,9,Q3,Finance,CC-6001,Capex,20017.47
2023-10-01,2023,10,Q4,Finance,CC-6001,Capex,93646.05
2023-11-01,2023,11,Q4,Finance,CC-6001,Capex,55701.09
2023-12-01,2023,12,Q4,Finance,CC-6001,Capex,101583.89
2024-01-01,2024,1,Q1,Finance,CC-6001,Capex,95109.34
2024-02-01,2024,2,Q1,Finance,CC-6001,Capex,239304.67
2024-03-01,2024,3,Q1,Finance,CC-6001,Capex,171000.88
2024-04-01,2024,4,Q2,Finance,CC-6001,Capex,160388.66
2024-05-01,2024,5,Q2,Finance,CC-6001,Capex,127501.55
2024-06-01,2024,6,Q2,Finance,CC-6001,Capex,128906.01
2024-07-01,2024,7,Q3,Finance,CC-6001,Capex,45353.02
2024-08-01,2024,8,Q3,Finance,CC-6001,Capex,102164.57
2024-09-01,2024,9,Q3,Finance,CC-6001,Capex,100664.18
2024-10-01,2024,10,Q4,Finance,CC-6001,Capex,135427.27
2024-11-01,2024,11,Q4,Finance,CC-6001,Capex,66811.24
2024-12-01,2024,12,Q4,Finance,CC-6001,Capex,27301.17
2025-01-01,2025,1,Q1,Finance,CC-6001,Capex,111633.43
2025-02-01,2025,2,Q1,Finance,CC-6001,Capex,61257.58
2025-03-01,2025,3,Q1,Finance,CC-6001,Capex,30900.19
2023-01-01,2023,1,Q1,Finance,CC-6001,T&E,26083.95
2023-02-01,2023,2,Q1,Finance,CC-6001,T&E,48357.66
2023-03-01,2023,3,Q1,Finance,CC-6001,T&E,9654.06
2023-04-01,2023,4,Q2,Finance,CC-6001,T&E,11278.14
2023-05-01,2023,5,Q2,Finance,CC-6001,T&E,43007.39
2023-06-01,2023,6,Q2,Finance,CC-6001,T&E,43053.95
2023-07-01,2023,7,Q3,Finance,CC-6001,T&E,7228.12
2023-08-01,2023,8,Q3,Finance,CC-6001,T&E,9643.89
2023-09-01,2023,9,Q3,Finance,CC-6001,T&E,20808.95
2023-10-01,2023,10,Q4,Finance,CC-6001,T&E,28083.67
2023-11-01,2023,11,Q4,Finance,CC-6001,T&E,15700.05
2023-12-01,2023,12,Q4,Finance,CC-6001,T&E,4807.01
2024-01-01,2024,1,Q1,Finance,CC-6001,T&E,32629.89
2024-02-01,2024,2,Q1,Finance,CC-6001,T&E,17166.69
2024-03-01,2024,3,Q1,Finance,CC-6001,T&E,16038.22
2024-04-01,2024,4,Q2,Finance,CC-6001,T&E,24918.76
2024-05-01,2024,5,Q2,Finance,CC-6001,T&E,34417.0
2024-06-01,2024,6,Q2,Finance,CC-6001,T&E,7238.05
2024-07-01,2024,7,Q3,Finance,CC-6001,T&E,28169.21
2024-08-01,2024,8,Q3,Finance,CC-6001,T&E,32993.07
2024-09-01,2024,9,Q3,Finance,CC-6001,T&E,9963.31
2024-10-01,2024,10,Q4,Finance,CC-6001,T&E,33955.86
2024-11-01,2024,11,Q4,Finance,CC-6001,T&E,5044.28
2024-12-01,2024,12,Q4,Finance,CC-6001,T&E,42074.91
2025-01-01,2025,1,Q1,Finance,CC-6001,T&E,10141.06
2025-02-01,2025,2,Q1,Finance,CC-6001,T&E,26821.72
2025-03-01,2025,3,Q1,Finance,CC-6001,T&E,15141.78
2023-01-01,2023,1,Q1,Finance,CC-6001,Marketing Spend,512318.63
2023-02-01,2023,2,Q1,Finance,CC-6001,Marketing Spend,84279.31
2023-03-01,2023,3,Q1,Finance,CC-6001,Marketing Spend,312550.47
2023-04-01,2023,4,Q2,Finance,CC-6001,Marketing Spend,303222.22
2023-05-01,2023,5,Q2,Finance,CC-6001,Marketing Spend,205571.39
2023-06-01,2023,6,Q2,Finance,CC-6001,Marketing Spend,189183.27
2023-07-01,2023,7,Q3,Finance,CC-6001,Marketing Spend,173515.13
2023-08-01,2023,8,Q3,Finance,CC-6001,Marketing Spend,206992.94
2023-09-01,2023,9,Q3,Finance,CC-6001,Marketing Spend,298880.02
2023-10-01,2023,10,Q4,Finance,CC-6001,Marketing Spend,193218.19
2023-11-01,2023,11,Q4,Finance,CC-6001,Marketing Spend,95515.74
2023-12-01,2023,12,Q4,Finance,CC-6001,Marketing Spend,282028.09
2024-01-01,2024,1,Q1,Finance,CC-6001,Marketing Spend,63585.65
2024-02-01,2024,2,Q1,Finance,CC-6001,Marketing Spend,252004.61
2024-03-01,2024,3,Q1,Finance,CC-6001,Marketing Spend,114088.75
2024-04-01,2024,4,Q2,Finance,CC-6001,Marketing Spend,137286.43
2024-05-01,2024,5,Q2,Finance,CC-6001,Marketing Spend,281689.44
2024-06-01,2024,6,Q2,Finance,CC-6001,Marketing Spend,279789.44
2024-07-01,2024,7,Q3,Finance,CC-6001,Marketing Spend,28159.3
2024-08-01,2024,8,Q3,Finance,CC-6001,Marketing Spend,210055.17
2024-09-01,2024,9,Q3,Finance,CC-6001,Marketing Spend,225849.61
2024-10-01,2024,10,Q4,Finance,CC-6001,Marketing Spend,156376.59
2024-11-01,2024,11,Q4,Finance,CC-6001,Marketing Spend,98322.72
2024-12-01,2024,12,Q4,Finance,CC-6001,Marketing Spend,298030.15
2025-01-01,2025,1,Q1,Finance,CC-6001,Marketing Spend,51501.1
2025-02-01,2025,2,Q1,Finance,CC-6001,Marketing Spend,366298.06
2025-03-01,2025,3,Q1,Finance,CC-6001,Marketing Spend,313528.22
2023-01-01,2023,1,Q1,Finance,CC-6001,Software,44799.91
2023-02-01,2023,2,Q1,Finance,CC-6001,Software,38365.14
2023-03-01,2023,3,Q1,Finance,CC-6001,Software,56921.02
2023-04-01,2023,4,Q2,Finance,CC-6001,Software,126403.24
2023-05-01,2023,5,Q2,Finance,CC-6001,Software,50329.69
2023-06-01,2023,6,Q2,Finance,CC-6001,Software,78688.44
2023-07-01,2023,7,Q3,Finance,CC-6001,Software,49204.4
2023-08-01,2023,8,Q3,Finance,CC-6001,Software,21277.0
2023-09-01,2023,9,Q3,Finance,CC-6001,Software,27776.97
2023-10-01,2023,10,Q4,Finance,CC-6001,Software,48276.45
2023-11-01,2023,11,Q4,Finance,CC-6001,Software,84056.02
2023-12-01,2023,12,Q4,Finance,CC-6001,Software,58230.24
2024-01-01,2024,1,Q1,Finance,CC-6001,Software,35517.4
2024-02-01,2024,2,Q1,Finance,CC-6001,Software,13656.79
2024-03-01,2024,3,Q1,Finance,CC-6001,Software,29741.16
2024-04-01,2024,4,Q2,Finance,CC-6001,Software,39055.33
2024-05-01,2024,5,Q2,Finance,CC-6001,Software,37346.8
2024-06-01,2024,6,Q2,Finance,CC-6001,Software,33980.51
2024-07-01,2024,7,Q3,Finance,CC-6001,Software,13561.75
2024-08-01,2024,8,Q3,Finance,CC-6001,Software,19484.16
2024-09-01,2024,9,Q3,Finance,CC-6001,Software,51568.14
2024-10-01,2024,10,Q4,Finance,CC-6001,Software,53856.09
2024-11-01,2024,11,Q4,Finance,CC-6001,Software,74487.83
2024-12-01,2024,12,Q4,Finance,CC-6001,Software,58032.96
2025-01-01,2025,1,Q1,Finance,CC-6001,Software,60160.11
2025-02-01,2025,2,Q1,Finance,CC-6001,Software,32198.44
2025-03-01,2025,3,Q1,Finance,CC-6001,Software,80484.04
2023-01-01,2023,1,Q1,Finance,CC-6001,Utilities,23533.15
2023-02-01,2023,2,Q1,Finance,CC-6001,Utilities,24435.29
2023-03-01,2023,3,Q1,Finance,CC-6001,Utilities,12021.38
2023-04-01,2023,4,Q2,Finance,CC-6001,Utilities,12589.1
2023-05-01,2023,5,Q2,Finance,CC-6001,Utilities,23937.53
2023-06-01,2023,6,Q2,Finance,CC-6001,Utilities,29097.26
2023-07-01,2023,7,Q3,Finance,CC-6001,Utilities,15851.65
2023-08-01,2023,8,Q3,Finance,CC-6001,Utilities,14198.93
2023-09-01,2023,9,Q3,Finance,CC-6001,Utilities,16558.12
2023-10-01,2023,10,Q4,Finance,CC-6001,Utilities,9807.34
2023-11-01,2023,11,Q4,Finance,CC-6001,Utilities,24442.19
2023-12-01,2023,12,Q4,Finance,CC-6001,Utilities,25624.86
2024-01-01,2024,1,Q1,Finance,CC-6001,Utilities,22137.48
2024-02-01,2024,2,Q1,Finance,CC-6001,Utilities,15190.36
2024-03-01,2024,3,Q1,Finance,CC-6001,Utilities,27939.92
2024-04-01,2024,4,Q2,Finance,CC-6001,Utilities,9619.85
2024-05-01,2024,5,Q2,Finance,CC-6001,Utilities,32065.68
2024-06-01,2024,6,Q2,Finance,CC-6001,Utilities,10787.33
2024-07-01,2024,7,Q3,Finance,CC-6001,Utilities,27410.41
2024-08-01,2024,8,Q3,Finance,CC-6001,Utilities,3349.29
2024-09-01,2024,9,Q3,Finance,CC-6001,Utilities,9617.56
2024-10-01,2024,10,Q4,Finance,CC-6001,Utilities,14223.94
2024-11-01,2024,11,Q4,Finance,CC-6001,Utilities,19568.58
2024-12-01,2024,12,Q4,Finance,CC-6001,Utilities,5099.46
2025-01-01,2025,1,Q1,Finance,CC-6001,Utilities,18451.68
2025-02-01,2025,2,Q1,Finance,CC-6001,Utilities,28070.17
2025-03-01,2025,3,Q1,Finance,CC-6001,Utilities,17295.19
2023-01-01,2023,1,Q1,Finance,CC-6001,Headcount,37.04
2023-02-01,2023,2,Q1,Finance,CC-6001,Headcount,113.93
2023-03-01,2023,3,Q1,Finance,CC-6001,Headcount,30.56
2023-04-01,2023,4,Q2,Finance,CC-6001,Headcount,76.14
2023-05-01,2023,5,Q2,Finance,CC-6001,Headcount,41.73
2023-06-01,2023,6,Q2,Finance,CC-6001,Headcount,23.47
2023-07-01,2023,7,Q3,Finance,CC-6001,Headcount,82.01
2023-08-01,2023,8,Q3,Finance,CC-6001,Headcount,18.12
2023-09-01,2023,9,Q3,Finance,CC-6001,Headcount,95.93
2023-10-01,2023,10,Q4,Finance,CC-6001,Headcount,77.1
2023-11-01,2023,11,Q4,Finance,CC-6001,Headcount,33.79
2023-12-01,2023,12,Q4,Finance,CC-6001,Headcount,38.24
2024-01-01,2024,1,Q1,Finance,CC-6001,Headcount,60.3
2024-02-01,2024,2,Q1,Finance,CC-6001,Headcount,89.81
2024-03-01,2024,3,Q1,Finance,CC-6001,Headcount,59.91
2024-04-01,2024,4,Q2,Finance,CC-6001,Headcount,123.64
2024-05-01,2024,5,Q2,Finance,CC-6001,Headcount,61.12
2024-06-01,2024,6,Q2,Finance,CC-6001,Headcount,103.07
2024-07-01,2024,7,Q3,Finance,CC-6001,Headcount,31.0
2024-08-01,2024,8,Q3,Finance,CC-6001,Headcount,26.17
2024-09-01,2024,9,Q3,Finance,CC-6001,Headcount,61.16
2024-10-01,2024,10,Q4,Finance,CC-6001,Headcount,55.63
2024-11-01,2024,11,Q4,Finance,CC-6001,Headcount,29.87
2024-12-01,2024,12,Q4,Finance,CC-6001,Headcount,12.59
2025-01-01,2025,1,Q1,Finance,CC-6001,Headcount,90.08
2025-02-01,2025,2,Q1,Finance,CC-6001,Headcount,62.56
2025-03-01,2025,3,Q1,Finance,CC-6001,Headcount,59.61
2023-01-01,2023,1,Q1,IT,CC-7001,Salaries,290148.58
2023-02-01,2023,2,Q1,IT,CC-7001,Salaries,819957.04
2023-03-01,2023,3,Q1,IT,CC-7001,Salaries,695596.75
2023-04-01,2023,4,Q2,IT,CC-7001,Salaries,783033.96
2023-05-01,2023,5,Q2,IT,CC-7001,Salaries,894000.47
2023-06-01,2023,6,Q2,IT,CC-7001,Salaries,530679.23
2023-07-01,2023,7,Q3,IT,CC-7001,Salaries,701663.59
2023-08-01,2023,8,Q3,IT,CC-7001,Salaries,1122263.76
2023-09-01,2023,9,Q3,IT,CC-7001,Salaries,826638.12
2023-10-01,2023,10,Q4,IT,CC-7001,Salaries,363171.99
2023-11-01,2023,11,Q4,IT,CC-7001,Salaries,674189.62
2023-12-01,2023,12,Q4,IT,CC-7001,Salaries,670339.77
2024-01-01,2024,1,Q1,IT,CC-7001,Salaries,723357.08
2024-02-01,2024,2,Q1,IT,CC-7001,Salaries,632875.63
2024-03-01,2024,3,Q1,IT,CC-7001,Salaries,1058138.39
2024-04-01,2024,4,Q2,IT,CC-7001,Salaries,696075.09
2024-05-01,2024,5,Q2,IT,CC-7001,Salaries,900492.39
2024-06-01,2024,6,Q2,IT,CC-7001,Salaries,969061.07
2024-07-01,2024,7,Q3,IT,CC-7001,Salaries,732171.33
2024-08-01,2024,8,Q3,IT,CC-7001,Salaries,679368.35
2024-09-01,2024,9,Q3,IT,CC-7001,Salaries,599669.23
2024-10-01,2024,10,Q4,IT,CC-7001,Salaries,449984.12
2024-11-01,2024,11,Q4,IT,CC-7001,Salaries,657419.57
2024-12-01,2024,12,Q4,IT,CC-7001,Salaries,503809.97
2025-01-01,2025,1,Q1,IT,CC-7001,Salaries,773172.41
2025-02-01,2025,2,Q1,IT,CC-7001,Salaries,703211.76
2025-03-01,2025,3,Q1,IT,CC-7001,Salaries,872815.58
2023-01-01,2023,1,Q1,IT,CC-7001,OPEX,49760.66
2023-02-01,2023,2,Q1,IT,CC-7001,OPEX,176882.44
2023-03-01,2023,3,Q1,IT,CC-7001,OPEX,359161.38
2023-04-01,2023,4,Q2,IT,CC-7001,OPEX,94790.62
2023-05-01,2023,5,Q2,IT,CC-7001,OPEX,74912.28
2023-06-01,2023,6,Q2,IT,CC-7001,OPEX,96637.92
2023-07-01,2023,7,Q3,IT,CC-7001,OPEX,77017.65
2023-08-01,2023,8,Q3,IT,CC-7001,OPEX,196576.1
2023-09-01,2023,9,Q3,IT,CC-7001,OPEX,152578.97
2023-10-01,2023,10,Q4,IT,CC-7001,OPEX,47660.78
2023-11-01,2023,11,Q4,IT,CC-7001,OPEX,43472.25
2023-12-01,2023,12,Q4,IT,CC-7001,OPEX,170010.42
2024-01-01,2024,1,Q1,IT,CC-7001,OPEX,187084.88
2024-02-01,2024,2,Q1,IT,CC-7001,OPEX,88327.24
2024-03-01,2024,3,Q1,IT,CC-7001,OPEX,112045.84
2024-04-01,2024,4,Q2,IT,CC-7001,OPEX,51032.78
2024-05-01,2024,5,Q2,IT,CC-7001,OPEX,115427.91
2024-06-01,2024,6,Q2,IT,CC-7001,OPEX,103186.53
2024-07-01,2024,7,Q3,IT,CC-7001,OPEX,72019.7
2024-08-01,2024,8,Q3,IT,CC-7001,OPEX,151420.81
2024-09-01,2024,9,Q3,IT,CC-7001,OPEX,82245.45
2024-10-01,2024,10,Q4,IT,CC-7001,OPEX,155065.28
2024-11-01,2024,11,Q4,IT,CC-7001,OPEX,75699.86
2024-12-01,2024,12,Q4,IT,CC-7001,OPEX,23739.02
2025-01-01,2025,1,Q1,IT,CC-7001,OPEX,67303.51
2025-02-01,2025,2,Q1,IT,CC-7001,OPEX,192445.22
2025-03-01,2025,3,Q1,IT,CC-7001,OPEX,183526.58
2023-01-01,2023,1,Q1,IT,CC-7001,Capex,107421.75
2023-02-01,2023,2,Q1,IT,CC-7001,Capex,58819.02
2023-03-01,2023,3,Q1,IT,CC-7001,Capex,108361.58
2023-04-01,2023,4,Q2,IT,CC-7001,Capex,120517.26
2023-05-01,2023,5,Q2,IT,CC-7001,Capex,25706.95
2023-06-01,2023,6,Q2,IT,CC-7001,Capex,78895.76
2023-07-01,2023,7,Q3,IT,CC-7001,Capex,33681.22
2023-08-01,2023,8,Q3,IT,CC-7001,Capex,75589.94
2023-09-01,2023,9,Q3,IT,CC-7001,Capex,45896.16
2023-10-01,2023,10,Q4,IT,CC-7001,Capex,117175.03
2023-11-01,2023,11,Q4,IT,CC-7001,Capex,31989.87
2023-12-01,2023,12,Q4,IT,CC-7001,Capex,99504.56
2024-01-01,2024,1,Q1,IT,CC-7001,Capex,241015.66
2024-02-01,2024,2,Q1,IT,CC-7001,Capex,138280.92
2024-03-01,2024,3,Q1,IT,CC-7001,Capex,83758.98
2024-04-01,2024,4,Q2,IT,CC-7001,Capex,24179.26
2024-05-01,2024,5,Q2,IT,CC-7001,Capex,148831.9
2024-06-01,2024,6,Q2,IT,CC-7001,Capex,30873.57
2024-07-01,2024,7,Q3,IT,CC-7001,Capex,65727.74
2024-08-01,2024,8,Q3,IT,CC-7001,Capex,132799.1
2024-09-01,2024,9,Q3,IT,CC-7001,Capex,76406.4
2024-10-01,2024,10,Q4,IT,CC-7001,Capex,56815.38
2024-11-01,2024,11,Q4,IT,CC-7001,Capex,11119.34
2024-12-01,2024,12,Q4,IT,CC-7001,Capex,112333.93
2025-01-01,2025,1,Q1,IT,CC-7001,Capex,137294.93
2025-02-01,2025,2,Q1,IT,CC-7001,Capex,25506.21
2025-03-01,2025,3,Q1,IT,CC-7001,Capex,118471.18
2023-01-01,2023,1,Q1,IT,CC-7001,T&E,32935.37
2023-02-01,2023,2,Q1,IT,CC-7001,T&E,33025.41
2023-03-01,2023,3,Q1,IT,CC-7001,T&E,40701.62
2023-04-01,2023,4,Q2,IT,CC-7001,T&E,10536.71
2023-05-01,2023,5,Q2,IT,CC-7001,T&E,13590.06
2023-06-01,2023,6,Q2,IT,CC-7001,T&E,16972.73
2023-07-01,2023,7,Q3,IT,CC-7001,T&E,27513.59
2023-08-01,2023,8,Q3,IT,CC-7001,T&E,20938.34
2023-09-01,2023,9,Q3,IT,CC-7001,T&E,14340.42
2023-10-01,2023,10,Q4,IT,CC-7001,T&E,15477.2
2023-11-01,2023,11,Q4,IT,CC-7001,T&E,11224.57
2023-12-01,2023,12,Q4,IT,CC-7001,T&E,10712.96
2024-01-01,2024,1,Q1,IT,CC-7001,T&E,29847.17
2024-02-01,2024,2,Q1,IT,CC-7001,T&E,8863.93
2024-03-01,2024,3,Q1,IT,CC-7001,T&E,39190.83
2024-04-01,2024,4,Q2,IT,CC-7001,T&E,26243.05
2024-05-01,2024,5,Q2,IT,CC-7001,T&E,26945.73
2024-06-01,2024,6,Q2,IT,CC-7001,T&E,51100.06
2024-07-01,2024,7,Q3,IT,CC-7001,T&E,8984.2
2024-08-01,2024,8,Q3,IT,CC-7001,T&E,27383.38
2024-09-01,2024,9,Q3,IT,CC-7001,T&E,27136.01
2024-10-01,2024,10,Q4,IT,CC-7001,T&E,5778.19
2024-11-01,2024,11,Q4,IT,CC-7001,T&E,14037.36
2024-12-01,2024,12,Q4,IT,CC-7001,T&E,39410.76
2025-01-01,2025,1,Q1,IT,CC-7001,T&E,10440.52
2025-02-01,2025,2,Q1,IT,CC-7001,T&E,9293.69
2025-03-01,2025,3,Q1,IT,CC-7001,T&E,15264.89
2023-01-01,2023,1,Q1,IT,CC-7001,Marketing Spend,276179.73
2023-02-01,2023,2,Q1,IT,CC-7001,Marketing Spend,398092.38
2023-03-01,2023,3,Q1,IT,CC-7001,Marketing Spend,152820.32
2023-04-01,2023,4,Q2,IT,CC-7001,Marketing Spend,223406.58
2023-05-01,2023,5,Q2,IT,CC-7001,Marketing Spend,136956.65
2023-06-01,2023,6,Q2,IT,CC-7001,Marketing Spend,78715.54
2023-07-01,2023,7,Q3,IT,CC-7001,Marketing Spend,297083.94
2023-08-01,2023,8,Q3,IT,CC-7001,Marketing Spend,212828.17
2023-09-01,2023,9,Q3,IT,CC-7001,Marketing Spend,175250.57
2023-10-01,2023,10,Q4,IT,CC-7001,Marketing Spend,100992.27
2023-11-01,2023,11,Q4,IT,CC-7001,Marketing Spend,187939.12
2023-12-01,2023,12,Q4,IT,CC-7001,Marketing Spend,67879.87
2024-01-01,2024,1,Q1,IT,CC-7001,Marketing Spend,38725.81
2024-02-01,2024,2,Q1,IT,CC-7001,Marketing Spend,62240.5
2024-03-01,2024,3,Q1,IT,CC-7001,Marketing Spend,38770.34
2024-04-01,2024,4,Q2,IT,CC-7001,Marketing Spend,125260.08
2024-05-01,2024,5,Q2,IT,CC-7001,Marketing Spend,130138.78
2024-06-01,2024,6,Q2,IT,CC-7001,Marketing Spend,68691.94
2024-07-01,2024,7,Q3,IT,CC-7001,Marketing Spend,54814.05
2024-08-01,2024,8,Q3,IT,CC-7001,Marketing Spend,125590.97
2024-09-01,2024,9,Q3,IT,CC-7001,Marketing Spend,102662.81
2024-10-01,2024,10,Q4,IT,CC-7001,Marketing Spend,112257.74
2024-11-01,2024,11,Q4,IT,CC-7001,Marketing Spend,204095.81
2024-12-01,2024,12,Q4,IT,CC-7001,Marketing Spend,414219.55
2025-01-01,2025,1,Q1,IT,CC-7001,Marketing Spend,310271.42
2025-02-01,2025,2,Q1,IT,CC-7001,Marketing Spend,177326.89
2025-03-01,2025,3,Q1,IT,CC-7001,Marketing Spend,57777.96
2023-01-01,2023,1,Q1,IT,CC-7001,Software,15118.17
2023-02-01,2023,2,Q1,IT,CC-7001,Software,59256.53
2023-03-01,2023,3,Q1,IT,CC-7001,Software,57257.21
2023-04-01,2023,4,Q2,IT,CC-7001,Software,59986.38
2023-05-01,2023,5,Q2,IT,CC-7001,Software,38107.53
2023-06-01,2023,6,Q2,IT,CC-7001,Software,18991.29
2023-07-01,2023,7,Q3,IT,CC-7001,Software,21937.59
2023-08-01,2023,8,Q3,IT,CC-7001,Software,24063.45
2023-09-01,2023,9,Q3,IT,CC-7001,Software,15054.28
2023-10-01,2023,10,Q4,IT,CC-7001,Software,42309.85
2023-11-01,2023,11,Q4,IT,CC-7001,Software,38568.78
2023-12-01,2023,12,Q4,IT,CC-7001,Software,71674.24
2024-01-01,2024,1,Q1,IT,CC-7001,Software,51874.9
2024-02-01,2024,2,Q1,IT,CC-7001,Software,15912.78
2024-03-01,2024,3,Q1,IT,CC-7001,Software,82365.22
2024-04-01,2024,4,Q2,IT,CC-7001,Software,19168.54
2024-05-01,2024,5,Q2,IT,CC-7001,Software,24397.24
2024-06-01,2024,6,Q2,IT,CC-7001,Software,16083.9
2024-07-01,2024,7,Q3,IT,CC-7001,Software,12452.24
2024-08-01,2024,8,Q3,IT,CC-7001,Software,23691.88
2024-09-01,2024,9,Q3,IT,CC-7001,Software,75455.0
2024-10-01,2024,10,Q4,IT,CC-7001,Software,51946.15
2024-11-01,2024,11,Q4,IT,CC-7001,Software,64729.32
2024-12-01,2024,12,Q4,IT,CC-7001,Software,83859.34
2025-01-01,2025,1,Q1,IT,CC-7001,Software,71237.15
2025-02-01,2025,2,Q1,IT,CC-7001,Software,41146.47
2025-03-01,2025,3,Q1,IT,CC-7001,Software,55931.03
2023-01-01,2023,1,Q1,IT,CC-7001,Utilities,16282.92
2023-02-01,2023,2,Q1,IT,CC-7001,Utilities,32474.79
2023-03-01,2023,3,Q1,IT,CC-7001,Utilities,14599.74
2023-04-01,2023,4,Q2,IT,CC-7001,Utilities,14162.53
2023-05-01,2023,5,Q2,IT,CC-7001,Utilities,17481.99
2023-06-01,2023,6,Q2,IT,CC-7001,Utilities,13008.21
2023-07-01,2023,7,Q3,IT,CC-7001,Utilities,12227.05
2023-08-01,2023,8,Q3,IT,CC-7001,Utilities,13328.05
2023-09-01,2023,9,Q3,IT,CC-7001,Utilities,19476.38
2023-10-01,2023,10,Q4,IT,CC-7001,Utilities,4735.78
2023-11-01,2023,11,Q4,IT,CC-7001,Utilities,19373.64
2023-12-01,2023,12,Q4,IT,CC-7001,Utilities,15617.78
2024-01-01,2024,1,Q1,IT,CC-7001,Utilities,28679.82
2024-02-01,2024,2,Q1,IT,CC-7001,Utilities,28298.81
2024-03-01,2024,3,Q1,IT,CC-7001,Utilities,17399.75
2024-04-01,2024,4,Q2,IT,CC-7001,Utilities,8388.83
2024-05-01,2024,5,Q2,IT,CC-7001,Utilities,4337.79
2024-06-01,2024,6,Q2,IT,CC-7001,Utilities,17646.3
2024-07-01,2024,7,Q3,IT,CC-7001,Utilities,19289.95
2024-08-01,2024,8,Q3,IT,CC-7001,Utilities,13007.48
2024-09-01,2024,9,Q3,IT,CC-7001,Utilities,12293.16
2024-10-01,2024,10,Q4,IT,CC-7001,Utilities,16573.88
2024-11-01,2024,11,Q4,IT,CC-7001,Utilities,10070.18
2024-12-01,2024,12,Q4,IT,CC-7001,Utilities,35637.21
2025-01-01,2025,1,Q1,IT,CC-7001,Utilities,7992.71
2025-02-01,2025,2,Q1,IT,CC-7001,Utilities,18871.78
2025-03-01,2025,3,Q1,IT,CC-7001,Utilities,40573.92
2023-01-01,2023,1,Q1,IT,CC-7001,Headcount,114.41
2023-02-01,2023,2,Q1,IT,CC-7001,Headcount,73.06
2023-03-01,2023,3,Q1,IT,CC-7001,Headcount,67.46
2023-04-01,2023,4,Q2,IT,CC-7001,Headcount,50.96
2023-05-01,2023,5,Q2,IT,CC-7001,Headcount,82.5
2023-06-01,2023,6,Q2,IT,CC-7001,Headcount,90.49
2023-07-01,2023,7,Q3,IT,CC-7001,Headcount,51.13
2023-08-01,2023,8,Q3,IT,CC-7001,Headcount,20.3
2023-09-01,2023,9,Q3,IT,CC-7001,Headcount,22.57
2023-10-01,2023,10,Q4,IT,CC-7001,Headcount,97.42
2023-11-01,2023,11,Q4,IT,CC-7001,Headcount,44.66
2023-12-01,2023,12,Q4,IT,CC-7001,Headcount,91.26
2024-01-01,2024,1,Q1,IT,CC-7001,Headcount,83.98
2024-02-01,2024,2,Q1,IT,CC-7001,Headcount,53.79
2024-03-01,2024,3,Q1,IT,CC-7001,Headcount,38.48
2024-04-01,2024,4,Q2,IT,CC-7001,Headcount,108.26
2024-05-01,2024,5,Q2,IT,CC-7001,Headcount,38.99
2024-06-01,2024,6,Q2,IT,CC-7001,Headcount,114.88
2024-07-01,2024,7,Q3,IT,CC-7001,Headcount,51.75
2024-08-01,2024,8,Q3,IT,CC-7001,Headcount,93.78
2024-09-01,2024,9,Q3,IT,CC-7001,Headcount,35.36
2024-10-01,2024,10,Q4,IT,CC-7001,Headcount,52.88
2024-11-01,2024,11,Q4,IT,CC-7001,Headcount,25.29
2024-12-01,2024,12,Q4,IT,CC-7001,Headcount,107.21
2025-01-01,2025,1,Q1,IT,CC-7001,Headcount,109.74
2025-02-01,2025,2,Q1,IT,CC-7001,Headcount,78.46
2025-03-01,2025,3,Q1,IT,CC-7001,Headcount,25.46
